id,category,source,title,publisher,pub_date,retrieved,url,local_path,forecast_period,key_data,relevance,source_type
S001,company_filings,SEC EDGAR / HPE,HPE Form 10-Q FY2026Q3 (period ended 2026-07-31),SEC EDGAR / HPE,2026-09-03,2026-09-14,https://www.sec.gov/Archives/edgar/data/1645590/000164559026000080/hpe-20260731.htm,report/company_filings/10-Q/HPE_10-Q_FY2026Q3_2026-07-31.htm,,,,primary
S002,earnings_materials,SEC EDGAR / HPE,HPE earnings release (8-K Ex-99.1) filed 2026-09-02,SEC EDGAR / HPE,2026-09-02,2026-09-14,https://www.sec.gov/Archives/edgar/data/1645590/000164559026000078/ex-991x922026x8k.htm,report/earnings_materials/sec_8k_ex99/HPE_8-K_Ex99-1_earnings_2026-09-02.htm,,,,primary
S003,company_filings,SEC EDGAR / HPE,HPE Form 8-K filed 2026-08-04 (items 7.01),SEC EDGAR / HPE,2026-08-04,2026-09-14,https://www.sec.gov/Archives/edgar/data/1645590/000164559026000074/hpe-20260804.htm,report/company_filings/8-K/HPE_8-K_2026-08-04_items701.htm,,,,primary
S004,company_filings,SEC EDGAR / HPE,"HPE Form 8-K filed 2026-07-24 (items 5.02,7.01,9.01)",SEC EDGAR / HPE,2026-07-24,2026-09-14,https://www.sec.gov/Archives/edgar/data/1645590/000164559026000072/hpe-20260724.htm,report/company_filings/8-K/HPE_8-K_2026-07-24_items502_701_901.htm,,,,primary
S005,company_filings,SEC EDGAR / HPE,"HPE 8-K Ex-99.1 filed 2026-07-24 (items 5.02,7.01,9.01)",SEC EDGAR / HPE,2026-07-24,2026-09-14,https://www.sec.gov/Archives/edgar/data/1645590/000164559026000072/ex991pressreleasedavidgoul.htm,report/company_filings/8-K/HPE_8-K_2026-07-24_ex99-1.htm,,,,primary
S006,company_filings,SEC EDGAR / HPE,HPE S-8 registration statement filed 2026-06-02,SEC EDGAR / HPE,2026-06-02,2026-09-14,https://www.sec.gov/Archives/edgar/data/1645590/000164559026000058/forms-82021sipamendment5.htm,report/company_filings/registration/HPE_S-8_2026-06-02.htm,,,,primary
S007,company_filings,SEC EDGAR / HPE,HPE Form 10-Q FY2026Q2 (period ended 2026-04-30),SEC EDGAR / HPE,2026-06-02,2026-09-14,https://www.sec.gov/Archives/edgar/data/1645590/000164559026000055/hpe-20260430.htm,report/company_filings/10-Q/HPE_10-Q_FY2026Q2_2026-04-30.htm,,,,primary
S008,earnings_materials,SEC EDGAR / HPE,HPE earnings release (8-K Ex-99.1) filed 2026-06-01,SEC EDGAR / HPE,2026-06-01,2026-09-14,https://www.sec.gov/Archives/edgar/data/1645590/000164559026000052/ex-991x612026x8k.htm,report/earnings_materials/sec_8k_ex99/HPE_8-K_Ex99-1_earnings_2026-06-01.htm,,,,primary
S009,company_filings,SEC EDGAR / HPE,HPE Form 8-K filed 2026-05-14 (items 7.01),SEC EDGAR / HPE,2026-05-14,2026-09-14,https://www.sec.gov/Archives/edgar/data/1645590/000164559026000045/hpe-20260513.htm,report/company_filings/8-K/HPE_8-K_2026-05-14_items701.htm,,,,primary
S010,company_filings,SEC EDGAR / HPE,HPE Form 8-K filed 2026-05-04 (items 7.01),SEC EDGAR / HPE,2026-05-04,2026-09-14,https://www.sec.gov/Archives/edgar/data/1645590/000164559026000040/hpe-20260504.htm,report/company_filings/8-K/HPE_8-K_2026-05-04_items701.htm,,,,primary
S011,other_evidence,SEC EDGAR / HPE,"SCHEDULE 13G beneficial ownership filing on HPE, filed 2026-04-30",SEC EDGAR / HPE,2026-04-30,2026-09-14,https://www.sec.gov/Archives/edgar/data/1645590/000210011926000579/xslSCHEDULE_13G_X02/primary_doc.xml,report/other_evidence/ownership/HPE_SCHEDULE13G_2026-04-30_000579.htm,,,,primary
S012,other_evidence,SEC EDGAR / HPE,"SCHEDULE 13G beneficial ownership filing on HPE, filed 2026-04-29",SEC EDGAR / HPE,2026-04-29,2026-09-14,https://www.sec.gov/Archives/edgar/data/1645590/000210012126000366/xslSCHEDULE_13G_X02/primary_doc.xml,report/other_evidence/ownership/HPE_SCHEDULE13G_2026-04-29_000366.htm,,,,primary
S013,company_filings,SEC EDGAR / HPE,"HPE Form 8-K filed 2026-04-03 (items 5.02,5.07,9.01)",SEC EDGAR / HPE,2026-04-03,2026-09-14,https://www.sec.gov/Archives/edgar/data/1645590/000164559026000036/hpe-20260401.htm,report/company_filings/8-K/HPE_8-K_2026-04-03_items502_507_901.htm,,,,primary
S014,other_evidence,SEC EDGAR / HPE,"SCHEDULE 13G/A beneficial ownership filing on HPE, filed 2026-03-27",SEC EDGAR / HPE,2026-03-27,2026-09-14,https://www.sec.gov/Archives/edgar/data/1645590/000010290926001486/xslSCHEDULE_13G_X02/primary_doc.xml,report/other_evidence/ownership/HPE_SCHEDULE13G-A_2026-03-27_001486.htm,,,,primary
S015,earnings_materials,HPE Investor Relations,HPE Q2 FY2025 earnings press release,HPE Investor Relations,,2026-09-14,https://investors.hpe.com/~/media/Files/H/HP-Enterprise-IR/documents/q2-2025/q2-2025-earnings-press-release.pdf,report/earnings_materials/FY2025Q2/HPE_Q2FY25_earnings-press-release.pdf,,,,primary
S016,company_filings,SEC EDGAR / HPE,"HPE Form 8-K filed 2026-03-23 (items 8.01,9.01)",SEC EDGAR / HPE,2026-03-23,2026-09-14,https://www.sec.gov/Archives/edgar/data/1645590/000114036126010765/ef20068405_8k.htm,report/company_filings/8-K/HPE_8-K_2026-03-23_items801_901.htm,,,,primary
S017,company_filings,SEC EDGAR / HPE,"HPE Form 8-K filed 2026-03-18 (items 8.01,9.01)",SEC EDGAR / HPE,2026-03-18,2026-09-14,https://www.sec.gov/Archives/edgar/data/1645590/000114036126010222/ef20068126_8k.htm,report/company_filings/8-K/HPE_8-K_2026-03-18_items801_901.htm,,,,primary
S018,company_filings,SEC EDGAR / HPE,HPE 424B2 prospectus/term sheet filed 2026-03-18,SEC EDGAR / HPE,2026-03-18,2026-09-14,https://www.sec.gov/Archives/edgar/data/1645590/000114036126010157/ny20067190x5_424b2.htm,report/company_filings/financing/HPE_424B2_2026-03-18_010157.htm,,,,primary
S019,company_filings,SEC EDGAR / HPE,HPE FWP prospectus/term sheet filed 2026-03-17,SEC EDGAR / HPE,2026-03-17,2026-09-14,https://www.sec.gov/Archives/edgar/data/1645590/000114036126009696/ny20067190x8_fwp.htm,report/company_filings/financing/HPE_FWP_2026-03-17_009696.htm,,,,primary
S020,company_filings,SEC EDGAR / HPE,HPE 424B5 prospectus/term sheet filed 2026-03-16,SEC EDGAR / HPE,2026-03-16,2026-09-14,https://www.sec.gov/Archives/edgar/data/1645590/000114036126009504/ny20067190x1_424b5.htm,report/company_filings/financing/HPE_424B5_2026-03-16_009504.htm,,,,primary
S021,company_filings,SEC EDGAR / HPE,HPE Form 10-Q FY2026Q1 (period ended 2026-01-31),SEC EDGAR / HPE,2026-03-10,2026-09-14,https://www.sec.gov/Archives/edgar/data/1645590/000164559026000032/hpe-20260131.htm,report/company_filings/10-Q/HPE_10-Q_FY2026Q1_2026-01-31.htm,,,,primary
S022,earnings_materials,SEC EDGAR / HPE,HPE earnings release (8-K Ex-99.1) filed 2026-03-09,SEC EDGAR / HPE,2026-03-09,2026-09-14,https://www.sec.gov/Archives/edgar/data/1645590/000164559026000028/ex-991x392026x8k.htm,report/earnings_materials/sec_8k_ex99/HPE_8-K_Ex99-1_earnings_2026-03-09.htm,,,,primary
S023,company_filings,SEC EDGAR / HPE,HPE proxy statement filed 2026-02-11,SEC EDGAR / HPE,2026-02-11,2026-09-14,https://www.sec.gov/Archives/edgar/data/1645590/000164559026000019/hpe-20260210.htm,report/company_filings/proxy/HPE_DEF14A_2026-02-11.htm,,,,primary
S024,company_filings,SEC EDGAR / HPE,HPE Form 8-K filed 2026-02-06 (items 5.02),SEC EDGAR / HPE,2026-02-06,2026-09-14,https://www.sec.gov/Archives/edgar/data/1645590/000164559026000010/hpe-20260203.htm,report/company_filings/8-K/HPE_8-K_2026-02-06_items502.htm,,,,primary
S025,earnings_materials,HPE Investor Relations,HPE Q2 FY2025 earnings presentation,HPE Investor Relations,,2026-09-14,https://investors.hpe.com/~/media/Files/H/HP-Enterprise-IR/documents/q2-2025/q2-2025-earnings-presentation.pdf,report/earnings_materials/FY2025Q2/HPE_Q2FY25_earnings-presentation.pdf,,,,primary
S026,company_filings,SEC EDGAR / HPE,HPE Form 8-K filed 2026-02-04 (items 7.01),SEC EDGAR / HPE,2026-02-04,2026-09-14,https://www.sec.gov/Archives/edgar/data/1645590/000164559026000006/hpe-20260204.htm,report/company_filings/8-K/HPE_8-K_2026-02-04_items701.htm,,,,primary
S027,other_evidence,SEC EDGAR / HPE,"SCHEDULE 13G/A beneficial ownership filing on HPE, filed 2026-01-21",SEC EDGAR / HPE,2026-01-21,2026-09-14,https://www.sec.gov/Archives/edgar/data/1645590/000201238326000673/xslSCHEDULE_13G_X01/primary_doc.xml,report/other_evidence/ownership/HPE_SCHEDULE13G-A_2026-01-21_000673.htm,,,,primary
S028,earnings_materials,HPE Investor Relations,HPE Q2 FY2025 quarterly results supplement,HPE Investor Relations,,2026-09-14,https://investors.hpe.com/~/media/Files/H/HP-Enterprise-IR/documents/q2-2025/q2-2025-quarterly-results.pdf,report/earnings_materials/FY2025Q2/HPE_Q2FY25_quarterly-results.pdf,,,,primary
S029,company_filings,SEC EDGAR / HPE,HPE Form 10-K FY2025 (period ended 2025-10-31),SEC EDGAR / HPE,2025-12-18,2026-09-14,https://www.sec.gov/Archives/edgar/data/1645590/000164559025000130/hpe-20251031.htm,report/company_filings/10-K/HPE_10-K_FY2025_filed2025-12-18.htm,,,,primary
S030,earnings_materials,HPE Investor Relations,HPE Q3 FY2025 earnings press release,HPE Investor Relations,,2026-09-14,https://investors.hpe.com/~/media/Files/H/HP-Enterprise-IR/documents/q3-2025/q3-2025-earnings-press-release.pdf,report/earnings_materials/FY2025Q3/HPE_Q3FY25_earnings-press-release.pdf,,,,primary
S031,earnings_materials,HPE Investor Relations,HPE Q3 FY2025 quarterly results supplement,HPE Investor Relations,,2026-09-14,https://investors.hpe.com/~/media/Files/H/HP-Enterprise-IR/documents/q3-2025/q3-2025-quarterly-results.pdf,report/earnings_materials/FY2025Q3/HPE_Q3FY25_quarterly-results.pdf,,,,primary
S032,earnings_materials,HPE Investor Relations,HPE Q4 FY2025 earnings press release,HPE Investor Relations,,2026-09-14,https://investors.hpe.com/~/media/Files/H/HP-Enterprise-IR/documents/q4-2025/q4-2025-earnings-press-release.pdf,report/earnings_materials/FY2025Q4/HPE_Q4FY25_earnings-press-release.pdf,,,,primary
S033,earnings_materials,SEC EDGAR / HPE,HPE earnings release (8-K Ex-99.1) filed 2025-12-04,SEC EDGAR / HPE,2025-12-04,2026-09-14,https://www.sec.gov/Archives/edgar/data/1645590/000164559025000126/ex-991x1242025x8k.htm,report/earnings_materials/sec_8k_ex99/HPE_8-K_Ex99-1_earnings_2025-12-04.htm,,,,primary
S034,company_filings,SEC EDGAR / HPE,HPE Form 8-K filed 2025-12-01 (items 1.01),SEC EDGAR / HPE,2025-12-01,2026-09-14,https://www.sec.gov/Archives/edgar/data/1645590/000164559025000123/hpe-20251128.htm,report/company_filings/8-K/HPE_8-K_2025-12-01_items101.htm,,,,primary
S035,earnings_materials,HPE Investor Relations,HPE Q4 FY2025 earnings presentation,HPE Investor Relations,,2026-09-14,https://investors.hpe.com/~/media/Files/H/HP-Enterprise-IR/documents/q4-2025/q4-2025-earnings-presentation.pdf,report/earnings_materials/FY2025Q4/HPE_Q4FY25_earnings-presentation.pdf,,,,primary
S036,company_filings,SEC EDGAR / HPE,HPE Form 8-K filed 2025-11-17 (items 1.01),SEC EDGAR / HPE,2025-11-17,2026-09-14,https://www.sec.gov/Archives/edgar/data/1645590/000164559025000121/hpe-20251117.htm,report/company_filings/8-K/HPE_8-K_2025-11-17_items101.htm,,,,primary
S037,company_filings,SEC EDGAR / HPE,HPE Form 8-K filed 2025-11-12 (items 5.02),SEC EDGAR / HPE,2025-11-12,2026-09-14,https://www.sec.gov/Archives/edgar/data/1645590/000164559025000119/hpe-20251110.htm,report/company_filings/8-K/HPE_8-K_2025-11-12_items502.htm,,,,primary
S038,company_filings,SEC EDGAR / HPE,HPE Form 8-K filed 2025-10-29 (items 7.01),SEC EDGAR / HPE,2025-10-29,2026-09-14,https://www.sec.gov/Archives/edgar/data/1645590/000164559025000116/hpe-20251029.htm,report/company_filings/8-K/HPE_8-K_2025-10-29_items701.htm,,,,primary
S039,earnings_materials,SEC EDGAR / HPE,HPE earnings release (8-K Ex-99.1) filed 2025-10-15,SEC EDGAR / HPE,2025-10-15,2026-09-14,https://www.sec.gov/Archives/edgar/data/1645590/000164559025000111/ex-991x10152025x8k.htm,report/earnings_materials/sec_8k_ex99/HPE_8-K_Ex99-1_earnings_2025-10-15.htm,,,,primary
S040,earnings_materials,HPE Investor Relations,HPE Q4 FY2025 quarterly results supplement,HPE Investor Relations,,2026-09-14,https://investors.hpe.com/~/media/Files/H/HP-Enterprise-IR/documents/q4-2025/q4-2025-quarterly-results.pdf,report/earnings_materials/FY2025Q4/HPE_Q4FY25_quarterly-results.pdf,,,,primary
S041,company_filings,SEC EDGAR / HPE,HPE Form 8-K filed 2025-09-22 (items 5.02),SEC EDGAR / HPE,2025-09-22,2026-09-14,https://www.sec.gov/Archives/edgar/data/1645590/000164559025000104/hpe-20250919.htm,report/company_filings/8-K/HPE_8-K_2025-09-22_items502.htm,,,,primary
S042,earnings_materials,HPE Investor Relations,HPE Q1 FY2026 earnings press release,HPE Investor Relations,,2026-09-14,https://investors.hpe.com/~/media/Files/H/HP-Enterprise-IR/documents/q1-2026/q1-2026-earnings-press-release.pdf,report/earnings_materials/FY2026Q1/HPE_Q1FY26_earnings-press-release.pdf,,,,primary
S043,company_filings,SEC EDGAR / HPE,"HPE Form 8-K filed 2025-09-15 (items 8.01,9.01)",SEC EDGAR / HPE,2025-09-15,2026-09-14,https://www.sec.gov/Archives/edgar/data/1645590/000114036125035006/ny20055172x5_8k.htm,report/company_filings/8-K/HPE_8-K_2025-09-15_items801_901.htm,,,,primary
S044,company_filings,SEC EDGAR / HPE,"HPE Form 8-K filed 2025-09-10 (items 8.01,9.01)",SEC EDGAR / HPE,2025-09-10,2026-09-14,https://www.sec.gov/Archives/edgar/data/1645590/000114036125034564/ny20055172x4_8k.htm,report/company_filings/8-K/HPE_8-K_2025-09-10_items801_901.htm,,,,primary
S045,company_filings,SEC EDGAR / HPE,HPE 424B2 prospectus/term sheet filed 2025-09-10,SEC EDGAR / HPE,2025-09-10,2026-09-14,https://www.sec.gov/Archives/edgar/data/1645590/000114036125034563/ny20055172x6_424b2.htm,report/company_filings/financing/HPE_424B2_2025-09-10_034563.htm,,,,primary
S046,company_filings,SEC EDGAR / HPE,HPE FWP prospectus/term sheet filed 2025-09-08,SEC EDGAR / HPE,2025-09-08,2026-09-14,https://www.sec.gov/Archives/edgar/data/1645590/000114036125034317/ny20055172x3_fwp.htm,report/company_filings/financing/HPE_FWP_2025-09-08_034317.htm,,,,primary
S047,earnings_materials,HPE Investor Relations,HPE Q1 FY2026 earnings presentation,HPE Investor Relations,,2026-09-14,https://investors.hpe.com/~/media/Files/H/HP-Enterprise-IR/documents/q1-2026/q1-2026-earnings-presentation.pdf,report/earnings_materials/FY2026Q1/HPE_Q1FY26_earnings-presentation.pdf,,,,primary
S048,company_filings,SEC EDGAR / HPE,HPE 424B5 prospectus/term sheet filed 2025-09-08,SEC EDGAR / HPE,2025-09-08,2026-09-14,https://www.sec.gov/Archives/edgar/data/1645590/000114036125034246/ny20055172x1_424b5.htm,report/company_filings/financing/HPE_424B5_2025-09-08_034246.htm,,,,primary
S049,company_filings,SEC EDGAR / HPE,HPE Form 10-Q FY2025Q3 (period ended 2025-07-31),SEC EDGAR / HPE,2025-09-04,2026-09-14,https://www.sec.gov/Archives/edgar/data/1645590/000164559025000101/hpe-20250731.htm,report/company_filings/10-Q/HPE_10-Q_FY2025Q3_2025-07-31.htm,,,,primary
S050,earnings_materials,SEC EDGAR / HPE,HPE earnings release (8-K Ex-99.1) filed 2025-09-03,SEC EDGAR / HPE,2025-09-03,2026-09-14,https://www.sec.gov/Archives/edgar/data/1645590/000164559025000096/ex-991x932025x8k.htm,report/earnings_materials/sec_8k_ex99/HPE_8-K_Ex99-1_earnings_2025-09-03.htm,,,,primary
S051,earnings_materials,HPE Investor Relations,HPE Q1 FY2026 quarterly results supplement,HPE Investor Relations,,2026-09-14,https://investors.hpe.com/~/media/Files/H/HP-Enterprise-IR/documents/q1-2026/q1-2026-quarterly-results.pdf,report/earnings_materials/FY2026Q1/HPE_Q1FY26_quarterly-results.pdf,,,,primary
S052,company_filings,SEC EDGAR / HPE,HPE Form 8-K filed 2025-08-18 (items 8.01),SEC EDGAR / HPE,2025-08-18,2026-09-14,https://www.sec.gov/Archives/edgar/data/1645590/000164559025000090/hpe-20250818.htm,report/company_filings/8-K/HPE_8-K_2025-08-18_items801.htm,,,,primary
S053,company_filings,SEC EDGAR / HPE,HPE Form 8-K filed 2025-07-30 (items 7.01),SEC EDGAR / HPE,2025-07-30,2026-09-14,https://www.sec.gov/Archives/edgar/data/1645590/000164559025000084/hpe-20250730.htm,report/company_filings/8-K/HPE_8-K_2025-07-30_items701.htm,,,,primary
S054,earnings_materials,HPE Investor Relations,HPE Q2 FY2026 earnings press release,HPE Investor Relations,,2026-09-14,https://investors.hpe.com/~/media/Files/H/HP-Enterprise-IR/documents/q2-2026/q2-2026-earnings-press-release.pdf,report/earnings_materials/FY2026Q2/HPE_Q2FY26_earnings-press-release.pdf,,,,primary
S055,company_filings,SEC EDGAR / HPE,"HPE Form 8-K filed 2025-07-16 (items 1.01,5.02,7.01,9.01)",SEC EDGAR / HPE,2025-07-16,2026-09-14,https://www.sec.gov/Archives/edgar/data/1645590/000164559025000081/hpe-20250716.htm,report/company_filings/8-K/HPE_8-K_2025-07-16_items101_502_701_901.htm,,,,primary
S056,earnings_materials,HPE Investor Relations,HPE Q2 FY2026 earnings presentation,HPE Investor Relations,,2026-09-14,https://investors.hpe.com/~/media/Files/H/HP-Enterprise-IR/documents/q2-2026/q2-2026-earnings-presentation.pdf,report/earnings_materials/FY2026Q2/HPE_Q2FY26_earnings-presentation.pdf,,,,primary
S057,company_filings,SEC EDGAR / HPE,"HPE 8-K Ex-99.1 filed 2025-07-16 (items 1.01,5.02,7.01,9.01)",SEC EDGAR / HPE,2025-07-16,2026-09-14,https://www.sec.gov/Archives/edgar/data/1645590/000164559025000081/ex-991cooperationagreement.htm,report/company_filings/8-K/HPE_8-K_2025-07-16_ex99-1.htm,,,,primary
S058,earnings_materials,HPE Investor Relations,HPE Q2 FY2026 earnings call transcript,HPE Investor Relations,,2026-09-14,https://investors.hpe.com/~/media/Files/H/HP-Enterprise-IR/documents/q2-2026/q2-2026-transcript.pdf,report/earnings_materials/FY2026Q2/HPE_Q2FY26_transcript.pdf,,,,primary
S059,company_filings,SEC EDGAR / HPE,HPE S-8 registration statement filed 2025-07-02,SEC EDGAR / HPE,2025-07-02,2026-09-14,https://www.sec.gov/Archives/edgar/data/1645590/000114036125024591/ef20051379_s8.htm,report/company_filings/registration/HPE_S-8_2025-07-02.htm,,,,primary
S060,earnings_materials,HPE Investor Relations,HPE Q2 FY2026 quarterly results supplement,HPE Investor Relations,,2026-09-14,https://investors.hpe.com/~/media/Files/H/HP-Enterprise-IR/documents/q2-2026/q2-2026-quarterly-results.pdf,report/earnings_materials/FY2026Q2/HPE_Q2FY26_quarterly-results.pdf,,,,primary
S061,company_filings,SEC EDGAR / HPE,"HPE Form 8-K filed 2025-07-02 (items 2.01,7.01,8.01,9.01)",SEC EDGAR / HPE,2025-07-02,2026-09-14,https://www.sec.gov/Archives/edgar/data/1645590/000114036125024519/ef20051378_8k.htm,report/company_filings/8-K/HPE_8-K_2025-07-02_items201_701_801_901.htm,,,,primary
S062,company_filings,SEC EDGAR / HPE,"HPE 8-K Ex-99.1 filed 2025-07-02 (items 2.01,7.01,8.01,9.01)",SEC EDGAR / HPE,2025-07-02,2026-09-14,https://www.sec.gov/Archives/edgar/data/1645590/000114036125024519/ef20051378_ex99-1.htm,report/company_filings/8-K/HPE_8-K_2025-07-02_ex99-1.htm,,,,primary
S063,earnings_materials,HPE Investor Relations,HPE Q3 FY2026 earnings press release,HPE Investor Relations,,2026-09-14,https://investors.hpe.com/~/media/Files/H/HP-Enterprise-IR/documents/q3-2026/q3-2026-earnings-press-release.pdf,report/earnings_materials/FY2026Q3/HPE_Q3FY26_earnings-press-release.pdf,,,,primary
S064,company_filings,SEC EDGAR / HPE,HPE Form 10-Q FY2025Q2 (period ended 2025-04-30),SEC EDGAR / HPE,2025-06-04,2026-09-14,https://www.sec.gov/Archives/edgar/data/1645590/000164559025000068/hpe-20250430.htm,report/company_filings/10-Q/HPE_10-Q_FY2025Q2_2025-04-30.htm,,,,primary
S065,earnings_materials,HPE Investor Relations,HPE Q3 FY2026 earnings presentation,HPE Investor Relations,,2026-09-14,https://investors.hpe.com/~/media/Files/H/HP-Enterprise-IR/documents/q3-2026/q3-2026-earnings-presentation.pdf,report/earnings_materials/FY2026Q3/HPE_Q3FY26_earnings-presentation.pdf,,,,primary
S066,earnings_materials,HPE Investor Relations,HPE Q3 FY2026 earnings call transcript,HPE Investor Relations,,2026-09-14,https://investors.hpe.com/~/media/Files/H/HP-Enterprise-IR/documents/q3-2026/q3-2026-transcript.pdf,report/earnings_materials/FY2026Q3/HPE_Q3FY26_transcript.pdf,,,,primary
S067,company_filings,SEC EDGAR / HPE,HPE S-8 registration statement filed 2025-06-04,SEC EDGAR / HPE,2025-06-04,2026-09-14,https://www.sec.gov/Archives/edgar/data/1645590/000164559025000065/forms-82021sipamendment4an.htm,report/company_filings/registration/HPE_S-8_2025-06-04.htm,,,,primary
S068,earnings_materials,HPE Investor Relations,HPE Q3 FY2026 quarterly results supplement,HPE Investor Relations,,2026-09-14,https://investors.hpe.com/~/media/Files/H/HP-Enterprise-IR/documents/q3-2026/q3-2026-quarterly-results.pdf,report/earnings_materials/FY2026Q3/HPE_Q3FY26_quarterly-results.pdf,,,,primary
S069,earnings_materials,SEC EDGAR / HPE,HPE earnings release (8-K Ex-99.1) filed 2025-06-03,SEC EDGAR / HPE,2025-06-03,2026-09-14,https://www.sec.gov/Archives/edgar/data/1645590/000164559025000060/ex-991x632025x8k.htm,report/earnings_materials/sec_8k_ex99/HPE_8-K_Ex99-1_earnings_2025-06-03.htm,,,,primary
S070,earnings_materials,HPE Investor Relations,HPE Securities Analyst Meeting 2025 slides,HPE Investor Relations,2025-10-15,2026-09-14,https://investors.hpe.com/~/media/Files/H/HP-Enterprise-IR/documents/sam-2025-slides-11-19.pdf,report/earnings_materials/sam_2025/sam-2025-slides-11-19.pdf,,,,primary
S071,earnings_materials,HPE Investor Relations,HPE Securities Analyst Meeting 2025 press release,HPE Investor Relations,2025-10-15,2026-09-14,https://investors.hpe.com/~/media/Files/H/HP-Enterprise-IR/documents/hpe-sam-2025-press-release.pdf,report/earnings_materials/sam_2025/hpe-sam-2025-press-release.pdf,,,,primary
S072,company_filings,SEC EDGAR / HPE,HPE Form 8-K filed 2025-04-30 (items 7.01),SEC EDGAR / HPE,2025-04-30,2026-09-14,https://www.sec.gov/Archives/edgar/data/1645590/000164559025000051/hpe-20250430.htm,report/company_filings/8-K/HPE_8-K_2025-04-30_items701.htm,,,,primary
S073,earnings_materials,HPE Investor Relations,HPE Securities Analyst Meeting 2025 transcript,HPE Investor Relations,2025-10-15,2026-09-14,https://investors.hpe.com/~/media/Files/H/HP-Enterprise-IR/documents/hpe-sam-2025-transcript.pdf,report/earnings_materials/sam_2025/hpe-sam-2025-transcript.pdf,,,,primary
S074,earnings_materials,HPE Investor Relations,HPE Securities Analyst Meeting 2025 modeling FAQ,HPE Investor Relations,2025-10-15,2026-09-14,https://investors.hpe.com/~/media/Files/H/HP-Enterprise-IR/documents/sam-modeling-faq.pdf,report/earnings_materials/sam_2025/sam-modeling-faq.pdf,,,,primary
S075,other_evidence,HPE Investor Relations,HPE IR page snapshot: dividend-history,HPE Investor Relations,,2026-09-14,https://investors.hpe.com/stock/dividend-history,report/other_evidence/ir_pages/hpe_ir_dividend-history.html,,,,primary
S076,other_evidence,HPE Investor Relations,HPE IR page snapshot: stock-based-compensation,HPE Investor Relations,,2026-09-14,https://investors.hpe.com/governance/sbc,report/other_evidence/ir_pages/hpe_ir_stock-based-compensation.html,,,,primary
S077,other_evidence,HPE Investor Relations,HPE IR page snapshot: board-of-directors,HPE Investor Relations,,2026-09-14,https://investors.hpe.com/governance/bod,report/other_evidence/ir_pages/hpe_ir_board-of-directors.html,,,,primary
S078,company_filings,SEC EDGAR / HPE,"HPE Form 8-K filed 2025-04-04 (items 5.02,5.07,9.01)",SEC EDGAR / HPE,2025-04-04,2026-09-14,https://www.sec.gov/Archives/edgar/data/1645590/000164559025000048/hpe-20250402.htm,report/company_filings/8-K/HPE_8-K_2025-04-04_items502_507_901.htm,,,,primary
S079,company_filings,SEC EDGAR / HPE,HPE Form 10-Q FY2025Q1 (period ended 2025-01-31),SEC EDGAR / HPE,2025-03-07,2026-09-14,https://www.sec.gov/Archives/edgar/data/1645590/000164559025000039/hpe-20250131.htm,report/company_filings/10-Q/HPE_10-Q_FY2025Q1_2025-01-31.htm,,,,primary
S080,earnings_materials,SEC EDGAR / HPE,HPE earnings release (8-K Ex-99.1) filed 2025-03-06,SEC EDGAR / HPE,2025-03-06,2026-09-14,https://www.sec.gov/Archives/edgar/data/1645590/000164559025000034/ex-991x362025x8k.htm,report/earnings_materials/sec_8k_ex99/HPE_8-K_Ex99-1_earnings_2025-03-06.htm,,,,primary
S081,company_filings,SEC EDGAR / HPE,HPE proxy statement filed 2025-02-12,SEC EDGAR / HPE,2025-02-12,2026-09-14,https://www.sec.gov/Archives/edgar/data/1645590/000164559025000024/hpe-20250211.htm,report/company_filings/proxy/HPE_DEF14A_2025-02-12.htm,,,,primary
S082,company_filings,SEC EDGAR / HPE,"HPE Form 8-K filed 2025-01-30 (items 7.01,9.01)",SEC EDGAR / HPE,2025-01-30,2026-09-14,https://www.sec.gov/Archives/edgar/data/1645590/000164559025000007/hpe-20250130.htm,report/company_filings/8-K/HPE_8-K_2025-01-30_items701_901.htm,,,,primary
S083,company_filings,SEC EDGAR / HPE,HPE Form 8-K filed 2025-01-14 (items 7.01),SEC EDGAR / HPE,2025-01-14,2026-09-14,https://www.sec.gov/Archives/edgar/data/1645590/000164559025000004/hpe-20250114.htm,report/company_filings/8-K/HPE_8-K_2025-01-14_items701.htm,,,,primary
S084,company_filings,SEC EDGAR / HPE,HPE Form 10-K FY2024 (period ended 2024-10-31),SEC EDGAR / HPE,2024-12-19,2026-09-14,https://www.sec.gov/Archives/edgar/data/1645590/000164559024000139/hpe-20241031.htm,report/company_filings/10-K/HPE_10-K_FY2024_filed2024-12-19.htm,,,,primary
S085,earnings_materials,SEC EDGAR / HPE,HPE earnings release (8-K Ex-99.1) filed 2024-12-05,SEC EDGAR / HPE,2024-12-05,2026-09-14,https://www.sec.gov/Archives/edgar/data/1645590/000164559024000132/ex-991x1252024x8k.htm,report/earnings_materials/sec_8k_ex99/HPE_8-K_Ex99-1_earnings_2024-12-05.htm,,,,primary
S086,company_filings,SEC EDGAR / HPE,HPE Form 8-K filed 2024-11-07 (items 7.01),SEC EDGAR / HPE,2024-11-07,2026-09-14,https://www.sec.gov/Archives/edgar/data/1645590/000164559024000129/hpe-20241107.htm,report/company_filings/8-K/HPE_8-K_2024-11-07_items701.htm,,,,primary
S087,company_filings,SEC EDGAR / HPE,HPE Form 8-K filed 2024-11-05 (items 5.02),SEC EDGAR / HPE,2024-11-05,2026-09-14,https://www.sec.gov/Archives/edgar/data/1645590/000164559024000125/hpe-20241030.htm,report/company_filings/8-K/HPE_8-K_2024-11-05_items502.htm,,,,primary
S088,company_filings,SEC EDGAR / HPE,"HPE Form 8-K filed 2024-09-26 (items 1.01,2.03,8.01,9.01)",SEC EDGAR / HPE,2024-09-26,2026-09-14,https://www.sec.gov/Archives/edgar/data/1645590/000114036124042054/ny20035638x11_8k.htm,report/company_filings/8-K/HPE_8-K_2024-09-26_items101_203_801_901.htm,,,,primary
S089,company_filings,SEC EDGAR / HPE,HPE 424B2 prospectus/term sheet filed 2024-09-16,SEC EDGAR / HPE,2024-09-16,2026-09-14,https://www.sec.gov/Archives/edgar/data/1645590/000114036124041193/ny20035638x9_424b2.htm,report/company_filings/financing/HPE_424B2_2024-09-16_041193.htm,,,,primary
S090,company_filings,SEC EDGAR / HPE,"HPE Form 8-K filed 2024-09-13 (items 1.01,3.03,5.03,8.01,9.01)",SEC EDGAR / HPE,2024-09-13,2026-09-14,https://www.sec.gov/Archives/edgar/data/1645590/000114036124041069/ef20035817_8k.htm,report/company_filings/8-K/HPE_8-K_2024-09-13_items101_303_503_801_901.htm,,,,primary
S091,company_filings,SEC EDGAR / HPE,"HPE 8-K Ex-99.1 filed 2024-09-13 (items 1.01,3.03,5.03,8.01,9.01)",SEC EDGAR / HPE,2024-09-13,2026-09-14,https://www.sec.gov/Archives/edgar/data/1645590/000114036124041069/ef20035817_ex99-1.htm,report/company_filings/8-K/HPE_8-K_2024-09-13_ex99-1.htm,,,,primary
S092,company_filings,SEC EDGAR / HPE,HPE FWP prospectus/term sheet filed 2024-09-13,SEC EDGAR / HPE,2024-09-13,2026-09-14,https://www.sec.gov/Archives/edgar/data/1645590/000114036124040979/ny20035638x10_fwp.htm,report/company_filings/financing/HPE_FWP_2024-09-13_040979.htm,,,,primary
S093,company_filings,SEC EDGAR / HPE,HPE 424B2 prospectus/term sheet filed 2024-09-12,SEC EDGAR / HPE,2024-09-12,2026-09-14,https://www.sec.gov/Archives/edgar/data/1645590/000114036124040890/ny20035638x8_424b2.htm,report/company_filings/financing/HPE_424B2_2024-09-12_040890.htm,,,,primary
S094,company_filings,SEC EDGAR / HPE,"HPE Form 8-K filed 2024-09-12 (items 1.01,1.02,2.03,8.01,9.01)",SEC EDGAR / HPE,2024-09-12,2026-09-14,https://www.sec.gov/Archives/edgar/data/1645590/000114036124040886/ef20035770_8k.htm,report/company_filings/8-K/HPE_8-K_2024-09-12_items101_102_203_801_901.htm,,,,primary
S095,company_filings,SEC EDGAR / HPE,HPE FWP prospectus/term sheet filed 2024-09-11,SEC EDGAR / HPE,2024-09-11,2026-09-14,https://www.sec.gov/Archives/edgar/data/1645590/000114036124040764/ny20035638x5_fwp.htm,report/company_filings/financing/HPE_FWP_2024-09-11_040764.htm,,,,primary
S096,company_filings,SEC EDGAR / HPE,HPE 424B5 prospectus/term sheet filed 2024-09-10,SEC EDGAR / HPE,2024-09-10,2026-09-14,https://www.sec.gov/Archives/edgar/data/1645590/000114036124040657/ny20035638x3_424b5.htm,report/company_filings/financing/HPE_424B5_2024-09-10_040657.htm,,,,primary
S097,company_filings,SEC EDGAR / HPE,HPE 424B5 prospectus/term sheet filed 2024-09-09,SEC EDGAR / HPE,2024-09-09,2026-09-14,https://www.sec.gov/Archives/edgar/data/1645590/000114036124040625/ny20035638x4_424b5.htm,report/company_filings/financing/HPE_424B5_2024-09-09_040625.htm,,,,primary
S098,company_filings,SEC EDGAR / HPE,"HPE Form 8-K filed 2024-09-09 (items 8.01,9.01)",SEC EDGAR / HPE,2024-09-09,2026-09-14,https://www.sec.gov/Archives/edgar/data/1645590/000114036124040610/ef20035623_8k.htm,report/company_filings/8-K/HPE_8-K_2024-09-09_items801_901.htm,,,,primary
S099,company_filings,SEC EDGAR / HPE,"HPE 8-K Ex-99.1 filed 2024-09-09 (items 8.01,9.01)",SEC EDGAR / HPE,2024-09-09,2026-09-14,https://www.sec.gov/Archives/edgar/data/1645590/000114036124040610/ef20035623_ex99-1.htm,report/company_filings/8-K/HPE_8-K_2024-09-09_ex99-1.htm,,,,primary
S100,earnings_materials,SEC EDGAR / HPE,HPE earnings release (8-K Ex-99.1) filed 2024-09-04,SEC EDGAR / HPE,2024-09-04,2026-09-14,https://www.sec.gov/Archives/edgar/data/1645590/000164559024000114/ex-991x942024x8k.htm,report/earnings_materials/sec_8k_ex99/HPE_8-K_Ex99-1_earnings_2024-09-04.htm,,,,primary
S101,company_filings,SEC EDGAR / HPE,HPE S-8 registration statement filed 2024-06-05,SEC EDGAR / HPE,2024-06-05,2026-09-14,https://www.sec.gov/Archives/edgar/data/1645590/000164559024000096/forms-82021sipamendment3.htm,report/company_filings/registration/HPE_S-8_2024-06-05.htm,,,,primary
S102,earnings_materials,SEC EDGAR / HPE,HPE earnings release (8-K Ex-99.1) filed 2024-06-04,SEC EDGAR / HPE,2024-06-04,2026-09-14,https://www.sec.gov/Archives/edgar/data/1645590/000164559024000090/ex-991x642024x8k.htm,report/earnings_materials/sec_8k_ex99/HPE_8-K_Ex99-1_earnings_2024-06-04.htm,,,,primary
S103,company_filings,SEC EDGAR / HPE,HPE Form 8-K filed 2024-05-24 (items 1.01),SEC EDGAR / HPE,2024-05-24,2026-09-14,https://www.sec.gov/Archives/edgar/data/1645590/000164559024000081/hpe-20240524.htm,report/company_filings/8-K/HPE_8-K_2024-05-24_items101.htm,,,,primary
S104,company_filings,SEC EDGAR / HPE,"HPE Form 8-K filed 2024-04-12 (items 5.02,5.03,5.07,9.01)",SEC EDGAR / HPE,2024-04-12,2026-09-14,https://www.sec.gov/Archives/edgar/data/1645590/000164559024000078/hpe-20240410.htm,report/company_filings/8-K/HPE_8-K_2024-04-12_items502_503_507_901.htm,,,,primary
S105,company_filings,SEC EDGAR / HPE,HPE Form 8-K filed 2024-04-01 (items 5.02),SEC EDGAR / HPE,2024-04-01,2026-09-14,https://www.sec.gov/Archives/edgar/data/1645590/000164559024000073/hpe-20240401.htm,report/company_filings/8-K/HPE_8-K_2024-04-01_items502.htm,,,,primary
S106,earnings_materials,SEC EDGAR / HPE,HPE earnings release (8-K Ex-99.1) filed 2024-02-29,SEC EDGAR / HPE,2024-02-29,2026-09-14,https://www.sec.gov/Archives/edgar/data/1645590/000164559024000058/ex-991x2292024x8k.htm,report/earnings_materials/sec_8k_ex99/HPE_8-K_Ex99-1_earnings_2024-02-29.htm,,,,primary
S107,other_evidence,SEC EDGAR / HPE,"SC 13G/A beneficial ownership filing on HPE, filed 2024-02-13",SEC EDGAR / HPE,2024-02-13,2026-09-14,https://www.sec.gov/Archives/edgar/data/1645590/000110465924021117/tv01115-hewlettpackardenterp.htm,report/other_evidence/ownership/HPE_SC13G-A_2024-02-13_021117.htm,,,,primary
S108,company_filings,SEC EDGAR / HPE,HPE Form 8-K filed 2024-02-08 (items 5.02),SEC EDGAR / HPE,2024-02-08,2026-09-14,https://www.sec.gov/Archives/edgar/data/1645590/000164559024000016/hpe-20240206.htm,report/company_filings/8-K/HPE_8-K_2024-02-08_items502.htm,,,,primary
S109,earnings_materials,SEC EDGAR / HPE,HPE earnings release (8-K Ex-99.1) filed 2024-02-07,SEC EDGAR / HPE,2024-02-07,2026-09-14,https://www.sec.gov/Archives/edgar/data/1645590/000164559024000012/ex-991x02072024x8k.htm,report/earnings_materials/sec_8k_ex99/HPE_8-K_Ex99-1_earnings_2024-02-07.htm,,,,primary
S110,other_evidence,SEC EDGAR / HPE,"SC 13G/A beneficial ownership filing on HPE, filed 2024-01-30",SEC EDGAR / HPE,2024-01-30,2026-09-14,https://www.sec.gov/Archives/edgar/data/1645590/000009375124000392/Hewlett_Packard_Entp.txt,report/other_evidence/ownership/HPE_SC13G-A_2024-01-30_000392.htm,,,,primary
S111,company_filings,SEC EDGAR / HPE,HPE Form 8-K filed 2024-01-24 (items 1.05),SEC EDGAR / HPE,2024-01-24,2026-09-14,https://www.sec.gov/Archives/edgar/data/1645590/000164559024000009/hpe-20240119.htm,report/company_filings/8-K/HPE_8-K_2024-01-24_items105.htm,,,,primary
S112,other_evidence,SEC EDGAR / HPE,"SC 13G/A beneficial ownership filing on HPE, filed 2024-01-24",SEC EDGAR / HPE,2024-01-24,2026-09-14,https://www.sec.gov/Archives/edgar/data/1645590/000108636424002330/us42824c1099_012424.txt,report/other_evidence/ownership/HPE_SC13G-A_2024-01-24_002330.htm,,,,primary
S113,company_filings,SEC EDGAR / HPE,"HPE Form 8-K filed 2024-01-23 (items 5.02,7.01,9.01)",SEC EDGAR / HPE,2024-01-23,2026-09-14,https://www.sec.gov/Archives/edgar/data/1645590/000164559024000004/hpe-20240117.htm,report/company_filings/8-K/HPE_8-K_2024-01-23_items502_701_901.htm,,,,primary
S114,company_filings,SEC EDGAR / HPE,"HPE 8-K Ex-99.1 filed 2024-01-23 (items 5.02,7.01,9.01)",SEC EDGAR / HPE,2024-01-23,2026-09-14,https://www.sec.gov/Archives/edgar/data/1645590/000164559024000004/ex991-pressreleasecpotrans.htm,report/company_filings/8-K/HPE_8-K_2024-01-23_ex99-1.htm,,,,primary
S115,company_filings,SEC EDGAR / HPE,"HPE Form 8-K filed 2024-01-10 (items 1.01,7.01,9.01)",SEC EDGAR / HPE,2024-01-10,2026-09-14,https://www.sec.gov/Archives/edgar/data/1645590/000114036124001613/ny20018436x1_8k.htm,report/company_filings/8-K/HPE_8-K_2024-01-10_items101_701_901.htm,,,,primary
S116,company_filings,SEC EDGAR / HPE,"HPE 8-K Ex-99.1 filed 2024-01-10 (items 1.01,7.01,9.01)",SEC EDGAR / HPE,2024-01-10,2026-09-14,https://www.sec.gov/Archives/edgar/data/1645590/000114036124001613/ny20018436x1_ex99-1.htm,report/company_filings/8-K/HPE_8-K_2024-01-10_ex99-1.htm,,,,primary
S117,company_filings,SEC EDGAR / HPE,HPE S-3ASR registration statement filed 2023-12-22,SEC EDGAR / HPE,2023-12-22,2026-09-14,https://www.sec.gov/Archives/edgar/data/1645590/000164559023000122/forms-32023.htm,report/company_filings/registration/HPE_S-3ASR_2023-12-22.htm,,,,primary
S118,company_filings,SEC EDGAR / HPE,HPE Form 10-K FY2023 (period ended 2023-10-31),SEC EDGAR / HPE,2023-12-22,2026-09-14,https://www.sec.gov/Archives/edgar/data/1645590/000164559023000117/hpe-20231031.htm,report/company_filings/10-K/HPE_10-K_FY2023_filed2023-12-22.htm,,,,primary
S119,earnings_materials,SEC EDGAR / HPE,HPE earnings release (8-K Ex-99.1) filed 2023-11-28,SEC EDGAR / HPE,2023-11-28,2026-09-14,https://www.sec.gov/Archives/edgar/data/1645590/000164559023000105/ex-991x11282023x8k.htm,report/earnings_materials/sec_8k_ex99/HPE_8-K_Ex99-1_earnings_2023-11-28.htm,,,,primary
S120,company_filings,SEC EDGAR / HPE,HPE Form 10-K FY2022 (period ended 2022-10-31),SEC EDGAR / HPE,2022-12-08,2026-09-14,https://www.sec.gov/Archives/edgar/data/1645590/000164559022000071/hpe-20221031.htm,report/company_filings/10-K/HPE_10-K_FY2022_filed2022-12-08.htm,,,,primary
S121,company_filings,SEC EDGAR / HPE,HPE Form 10-K FY2021 (period ended 2021-10-31),SEC EDGAR / HPE,2021-12-10,2026-09-14,https://www.sec.gov/Archives/edgar/data/1645590/000164559021000068/hpe-20211031.htm,report/company_filings/10-K/HPE_10-K_FY2021_filed2021-12-10.htm,,,,primary
S122,company_filings,SEC EDGAR / HPE,HPE Form 10-K FY2020 (period ended 2020-10-31),SEC EDGAR / HPE,2020-12-10,2026-09-14,https://www.sec.gov/Archives/edgar/data/1645590/000164559020000056/hpe-20201031.htm,report/company_filings/10-K/HPE_10-K_FY2020_filed2020-12-10.htm,,,,primary
S123,financial_data,SEC EDGAR,SEC XBRL company facts: HPE,SEC EDGAR,,2026-09-14,https://data.sec.gov/api/xbrl/companyfacts/CIK0001645590.json,data/financial_data/companyfacts_HPE.json,,,,primary
S124,financial_data,SEC EDGAR,SEC XBRL company facts: DELL,SEC EDGAR,,2026-09-14,https://data.sec.gov/api/xbrl/companyfacts/CIK0001571996.json,data/financial_data/companyfacts_DELL.json,,,,primary (peer)
S125,financial_data,SEC EDGAR,SEC XBRL company facts: SMCI,SEC EDGAR,,2026-09-14,https://data.sec.gov/api/xbrl/companyfacts/CIK0001375365.json,data/financial_data/companyfacts_SMCI.json,,,,primary (peer)
S126,financial_data,SEC EDGAR,SEC XBRL company facts: CSCO,SEC EDGAR,,2026-09-14,https://data.sec.gov/api/xbrl/companyfacts/CIK0000858877.json,data/financial_data/companyfacts_CSCO.json,,,,primary (peer)
S127,financial_data,SEC EDGAR,SEC XBRL company facts: ANET,SEC EDGAR,,2026-09-14,https://data.sec.gov/api/xbrl/companyfacts/CIK0001596532.json,data/financial_data/companyfacts_ANET.json,,,,primary (peer)
S128,financial_data,SEC EDGAR,SEC XBRL company facts: NTAP,SEC EDGAR,,2026-09-14,https://data.sec.gov/api/xbrl/companyfacts/CIK0001002047.json,data/financial_data/companyfacts_NTAP.json,,,,primary (peer)
S129,market_data,Yahoo Finance chart API,HPE daily OHLCV (split/spin-off adjusted) 2015-10-19–2026-09-11,Yahoo Finance chart API,,2026-09-14,https://finance.yahoo.com/quote/HPE/history,data/market_data/HPE_daily.csv,,,,secondary (market data)
S130,market_data,Yahoo Finance chart API,SPY daily OHLCV (split/spin-off adjusted) 2015-10-01–2026-09-11,Yahoo Finance chart API,,2026-09-14,https://finance.yahoo.com/quote/SPY/history,data/market_data/SPY_daily.csv,,,,secondary (market data)
S131,market_data,Yahoo Finance chart API,XLK daily OHLCV (split/spin-off adjusted) 2015-10-01–2026-09-11,Yahoo Finance chart API,,2026-09-14,https://finance.yahoo.com/quote/XLK/history,data/market_data/XLK_daily.csv,,,,secondary (market data)
S132,market_data,Yahoo Finance chart API,DELL daily OHLCV (split/spin-off adjusted) 2016-08-17–2026-09-11,Yahoo Finance chart API,,2026-09-14,https://finance.yahoo.com/quote/DELL/history,data/market_data/DELL_daily.csv,,,,secondary (market data)
S133,market_data,Yahoo Finance chart API,SMCI daily OHLCV (split/spin-off adjusted) 2015-10-01–2026-09-11,Yahoo Finance chart API,,2026-09-14,https://finance.yahoo.com/quote/SMCI/history,data/market_data/SMCI_daily.csv,,,,secondary (market data)
S134,market_data,Yahoo Finance chart API,CSCO daily OHLCV (split/spin-off adjusted) 2015-10-01–2026-09-11,Yahoo Finance chart API,,2026-09-14,https://finance.yahoo.com/quote/CSCO/history,data/market_data/CSCO_daily.csv,,,,secondary (market data)
S135,market_data,Yahoo Finance chart API,ANET daily OHLCV (split/spin-off adjusted) 2015-10-01–2026-09-11,Yahoo Finance chart API,,2026-09-14,https://finance.yahoo.com/quote/ANET/history,data/market_data/ANET_daily.csv,,,,secondary (market data)
S136,market_data,Yahoo Finance chart API,NTAP daily OHLCV (split/spin-off adjusted) 2015-10-01–2026-09-11,Yahoo Finance chart API,,2026-09-14,https://finance.yahoo.com/quote/NTAP/history,data/market_data/NTAP_daily.csv,,,,secondary (market data)
S137,financial_data,SEC EDGAR,SEC XBRL company facts: P,SEC EDGAR,,2026-09-14,https://data.sec.gov/api/xbrl/companyfacts/CIK0001474432.json,data/financial_data/companyfacts_P.json,,,,primary (peer)
S138,market_data,Yahoo Finance chart API,P daily OHLCV (split/spin-off adjusted) 2015-10-06–2026-09-11,Yahoo Finance chart API,,2026-09-14,https://finance.yahoo.com/quote/P/history,data/market_data/P_daily.csv,,,,secondary (market data)
S139,market_data,Nasdaq historical quotes API,HPE daily close/volume (cross-check),Nasdaq historical quotes API,,2026-09-14,https://www.nasdaq.com/market-activity/stocks/hpe/historical,data/market_data/HPE_nasdaq_daily.csv,,,,secondary (market data)
S140,industry_research,IDC (via IT-Online),"IDC Worldwide Quarterly Server Tracker, 2Q26 (press coverage)",IDC (via IT-Online),2026-09-10,2026-09-14,https://it-online.co.za/2026/09/14/server-revenue-hits-new-record-high/,report/industry_research/IDC_server_tracker_2Q26_2026-09-10.html,2Q26 actuals,"2Q26 server revenue $166.3bn (+52.0% YoY, +35.7% QoQ); GPU servers $87.4bn (52.6%); HPE $5.9bn, 3.5% share, +46.0% YoY vs Dell $22.2bn (+165%), Supermicro $10.2bn (+97%), Lenovo $8.4bn (+100%); ODM Direct 53.9%",Server TAM growth and HPE share loss vs OEM peers in AI servers (Cloud & AI revenue),secondary (industry research)
S141,industry_research,IDC,AI infrastructure spending holds near $90bn in Q1 2026; 2026 forecast raised to $497bn,IDC,2026-07-21,2026-09-14,https://www.idc.com/resource-center/blog/ai-infrastructure-spending-holds-near-90-billion-in-q1-2026-as-arm-overtakes-x86-in-accelerated-servers-2026-forecast-raised-to-497-billion/,report/industry_research/IDC_AI_infrastructure_spending_1Q26_2026-07-21.html,2025–2030,"1Q26 AI infra $89.7bn (+33.1% YoY), servers 97.6%; 2026F $497bn; 2029F $1.08tn; 2030F $1.21tn; ~30% CAGR 2025–30; US 75.7% of spend",AI systems TAM for HPE Cloud & AI segment,secondary (industry research)
S142,industry_research,Gartner,"Gartner forecasts worldwide IT spending to grow 14.2% in 2026, totaling $6.37 trillion",Gartner,2026-07-27,2026-09-14,https://www.gartner.com/en/newsroom/press-releases/2026-07-27-gartner-forecasts-worldwide-it-spending-to-grow-14-point-2-percent-in-2026-totaling-6-point-37-trillion,,2025–2026,"2026 IT spending $6.37tn (+14.2%); data center systems $822bn (+62.5%, up from +55.8% in April)","Data-centre systems demand (servers, storage, networking) drives HPE Cloud & AI and Networking",secondary (industry research)
S143,industry_research,Dell'Oro Group,"Market prices skyrocket, driving campus switch market to growth in 2Q 2026",Dell'Oro Group,2026-09-08,2026-09-14,http://www.prnewswire.com/news-releases/market-prices-skyrocket-driving-campus-switch-market-to-growth-in-2q-2026-according-to-delloro-group-302870491.html,report/industry_research/DellOro_campus_switch_2Q26_2026-09-08.html,2Q26 actuals; outlook into 2027,"Campus switch ASP +19% YoY in 2Q26 on AI-driven component shortages; share gainers Cisco, Arista, Ubiquiti, Extreme; memory shortages to shape market well into 2027",Campus switching is core to HPE Networking (Aruba + Juniper); pricing vs share dynamics,secondary (industry research)
S144,industry_research,Dell'Oro Group,Ethernet campus switch revenues bounce back to exceed $20 billion in 2025,Dell'Oro Group,2026-02,2026-09-14,https://www.delloro.com/news/ethernet-campus-switch-revenues-bounce-back-to-exceed-20-billion-in-2025/,report/industry_research/DellOro_campus_switch_2025_rebound.html,2025 actuals,Campus switch revenue >$20bn in 2025 after a 19% contraction in 2024,Size of HPE's campus networking addressable market,secondary (industry research)
S145,industry_research,Dell'Oro Group,Data center networking in 2025–2026: milestones and opportunities amid supply risk,Dell'Oro Group,2026-01,2026-09-14,https://www.delloro.com/2026-predictions-data-center-switch-frontend-ai-backed-networks/,report/industry_research/DellOro_2026_predictions_datacenter_switch.html,2026,Data-centre switch demand expected to outpace supply in 2026; chip/memory shortages main caveat,AI data-centre networking (Juniper QFX/PTX) growth opportunity for HPE Networking,secondary (industry research)
S146,industry_research,IDC,NVIDIA becomes #1 in datacenter Ethernet switching as 1Q26 market surges 39.8% to $15.4bn,IDC,2026-06,2026-09-14,https://www.idc.com/resource-center/blog/nvidia-becomes-1-in-datacenter-ethernet-switching-as-1q26-market-surges-39-8-to-15-4-billion/,report/industry_research/IDC_datacenter_ethernet_1Q26.html,1Q26 actuals,1Q26 datacenter Ethernet switching $15.4bn (+39.8% YoY); NVIDIA #1,Competitive intensity in AI data-centre networking that HPE/Juniper targets,secondary (industry research)
S147,industry_research,TrendForce,Server DRAM contract prices expected to rise 13–18% QoQ in 3Q26,TrendForce,2026-07-09,2026-09-14,https://www.trendforce.com/presscenter/news/20260709-13140.html,report/industry_research/TrendForce_server_DRAM_3Q26_2026-07-09.html,3Q26–2H27,"Server DRAM +13–18% QoQ in 3Q26; CSP LTAs cap increases, shifting pressure to non-LTA buyers; RDIMM bit supply +15–20% in 2027; increases continue through 2H27 at moderating pace",Memory is a major server BOM input: cost inflation pressures HPE server gross margin unless passed through; OEMs without hyperscale LTAs bear more of it,secondary (industry research)
S148,industry_research,TrendForce,AI server demand continues to support memory prices in 3Q26,TrendForce,2026-07-03,2026-09-14,https://www.trendforce.com/presscenter/news/20260703-13134.html,report/industry_research/TrendForce_memory_3Q26_outlook_2026-07-03.html,3Q26,Memory contract prices still rising in 3Q26 but gains moderating,Memory cost cycle for HPE servers,secondary (industry research)
S149,industry_research,S&P Global Ratings (via Investing.com),S&P Global revises HPE outlook to stable after Juniper acquisition (BBB affirmed),S&P Global Ratings (via Investing.com),2025-07-07,2026-09-14,https://www.investing.com/news/stock-market-news/sp-global-revises-hpe-outlook-to-stable-after-juniper-acquisition-93CH-4125238,,FY2025–FY2026,"BBB affirmed, outlook stable; pro forma leverage <2x falling to low-1x by FYE26; FY26 FCF $2.5–3.0bn; adj. EBITDA margin ~15% by FY26; synergies up to $450m","Credit standing, cost of debt and deleveraging path after Juniper",secondary (credit rating)
S150,macro_research,CNBC,"Amazon, Meta and Microsoft face skeptical investors after Google report",CNBC,2026-07-28,2026-09-14,https://www.cnbc.com/2026/07/28/hyperscalers-face-higher-capex-scrutiny-after-alphabet-report-panned.html,report/macro_research/CNBC_hyperscaler_capex_2026-07-28.html,CY2026,Investor scrutiny of hyperscaler capex intensity rising in July 2026,Risk of AI capex digestion affecting HPE AI systems orders,secondary (news)
S151,other_evidence,HPE Newsroom,HPE and Oracle deepen networking collaboration to accelerate gigawatt-scale AI infrastructure,HPE Newsroom,2026-09-02,2026-09-14,https://www.hpe.com/us/en/newsroom/press-release/2026/09/hpe-and-oracle-deepen-networking-collaboration-to-accelerate-gigawatt-scale-ai-infrastructure.html,,multi-year,"Multi-year global deployment of HPE Juniper PTX/MX routing and QFX/EX switching in Oracle AI data centres, plus support services and financing",Largest disclosed AI networking customer win,primary
S152,other_evidence,Futurum Group,Why HPE gave Oracle equity instead of a price cut on AI gear,Futurum Group,2026-09,2026-09-14,https://futurumgroup.com/insights/why-hpe-gave-oracle-equity-instead-of-a-price-cut-on-ai-gear/,report/other_evidence/Futurum_HPE_Oracle_warrant.html,,"Warrant dated 2026-07-02 for up to 4,156,466 HPE shares at $0.01 (per HPE Q3 FY26 10-Q); analyst view: economically a customer incentive",Dilution and customer-incentive economics of Oracle deal,secondary (analyst commentary)
S153,other_evidence,Benzinga,These analysts revise their forecasts on HPE after Q3 results,Benzinga,2026-09-03,2026-09-14,https://www.benzinga.com/analyst-stock-ratings/price-target/26/09/61604970/these-analysts-revise-their-forecasts-on-hewlett-packard-enterprise-after-q3-results,report/other_evidence/Benzinga_analyst_revisions_Q3FY26.html,,Sell-side price target changes after Q3 FY26,Analyst valuation history,secondary (analyst opinion)
S154,competitor_research,Dell'Oro Group,HPE to acquire Juniper – WLAN market impacts,Dell'Oro Group,2024-01,2026-09-14,https://www.delloro.com/hpe-to-acquire-juniper-wlan-market-impacts/,report/competitor_research/DellOro_HPE_Juniper_WLAN_impact.html,,Combined HPE Aruba + Juniper Mist position in enterprise WLAN vs Cisco,Networking competitive position,secondary (industry research)
S155,competitor_research,Dell'Oro Group,HPE challenges Huawei's campus switch market share with addition of Juniper,Dell'Oro Group,2025-12,2026-09-14,https://www.delloro.com/news/hpe-challenges-huaweis-campus-switch-market-share-with-addition-of-juniper/,report/competitor_research/DellOro_HPE_campus_switch_vs_Huawei.html,3Q25,HPE 3Q25 campus switch revenue virtually identical to Huawei's (#2 position),Networking competitive position after Juniper,secondary (industry research)
S156,earnings_materials,SEC EDGAR / HPE,HPE earnings release (8-K Ex-99.1) filed 2023-08-29,SEC EDGAR / HPE,2023-08-29,2026-09-14,https://www.sec.gov/Archives/edgar/data/1645590/000164559023000082/ex-991x8292023x8k.htm,report/earnings_materials/sec_8k_ex99/HPE_8-K_Ex99-1_earnings_2023-08-29.htm,,,,primary
S157,earnings_materials,SEC EDGAR / HPE,HPE earnings release (8-K Ex-99.1) filed 2023-08-07,SEC EDGAR / HPE,2023-08-07,2026-09-14,https://www.sec.gov/Archives/edgar/data/1645590/000164559023000079/ex991-pressreleaserobbiati.htm,report/earnings_materials/sec_8k_ex99/HPE_8-K_Ex99-1_earnings_2023-08-07.htm,,,,primary
S158,earnings_materials,SEC EDGAR / HPE,HPE earnings release (8-K Ex-99.1) filed 2023-05-30,SEC EDGAR / HPE,2023-05-30,2026-09-14,https://www.sec.gov/Archives/edgar/data/1645590/000164559023000054/ex-991x5302023x8k.htm,report/earnings_materials/sec_8k_ex99/HPE_8-K_Ex99-1_earnings_2023-05-30.htm,,,,primary
S159,earnings_materials,SEC EDGAR / HPE,HPE earnings release (8-K Ex-99.1) filed 2023-03-02,SEC EDGAR / HPE,2023-03-02,2026-09-14,https://www.sec.gov/Archives/edgar/data/1645590/000164559023000029/ex-991x322023x8k.htm,report/earnings_materials/sec_8k_ex99/HPE_8-K_Ex99-1_earnings_2023-03-02.htm,,,,primary
S160,earnings_materials,SEC EDGAR / HPE,HPE earnings release (8-K Ex-99.1) filed 2023-02-09,SEC EDGAR / HPE,2023-02-09,2026-09-14,https://www.sec.gov/Archives/edgar/data/1645590/000164559023000011/ex-991x02092023x8k.htm,report/earnings_materials/sec_8k_ex99/HPE_8-K_Ex99-1_earnings_2023-02-09.htm,,,,primary
S161,earnings_materials,SEC EDGAR / HPE,HPE earnings release (8-K Ex-99.1) filed 2022-11-29,SEC EDGAR / HPE,2022-11-29,2026-09-14,https://www.sec.gov/Archives/edgar/data/1645590/000164559022000067/ex-991x10312022x8kng.htm,report/earnings_materials/sec_8k_ex99/HPE_8-K_Ex99-1_earnings_2022-11-29.htm,,,,primary
S162,earnings_materials,SEC EDGAR / HPE,HPE earnings release (8-K Ex-99.1) filed 2022-08-30,SEC EDGAR / HPE,2022-08-30,2026-09-14,https://www.sec.gov/Archives/edgar/data/1645590/000164559022000047/ex-991x7312022x8k.htm,report/earnings_materials/sec_8k_ex99/HPE_8-K_Ex99-1_earnings_2022-08-30.htm,,,,primary
S163,earnings_materials,SEC EDGAR / HPE,HPE earnings release (8-K Ex-99.1) filed 2022-06-01,SEC EDGAR / HPE,2022-06-01,2026-09-14,https://www.sec.gov/Archives/edgar/data/1645590/000164559022000025/ex-991x4302022x8k.htm,report/earnings_materials/sec_8k_ex99/HPE_8-K_Ex99-1_earnings_2022-06-01.htm,,,,primary
S164,earnings_materials,SEC EDGAR / HPE,HPE earnings release (8-K Ex-99.1) filed 2022-03-01,SEC EDGAR / HPE,2022-03-01,2026-09-14,https://www.sec.gov/Archives/edgar/data/1645590/000164559022000010/ex-991x1312022x8k.htm,report/earnings_materials/sec_8k_ex99/HPE_8-K_Ex99-1_earnings_2022-03-01.htm,,,,primary
S165,earnings_materials,SEC EDGAR / HPE,HPE earnings release (8-K Ex-99.1) filed 2021-11-30,SEC EDGAR / HPE,2021-11-30,2026-09-14,https://www.sec.gov/Archives/edgar/data/1645590/000164559021000063/ex-991x10312021x8kng.htm,report/earnings_materials/sec_8k_ex99/HPE_8-K_Ex99-1_earnings_2021-11-30.htm,,,,primary
S166,macro_research,FRED,10-year US Treasury yield (%) (FRED),FRED,2026-09-10,2026-09-14,https://fred.stlouisfed.org/series/DGS10,data/market_data/macro/DGS10.csv,,,,secondary (market data)
S167,macro_research,FRED,13-week US Treasury bill yield (%) (FRED),FRED,2026-09-10,2026-09-14,https://fred.stlouisfed.org/series/DTB3,data/market_data/macro/DTB3.csv,,,,secondary (market data)
S168,macro_research,Yahoo Finance,ICE US dollar index (Yahoo Finance),Yahoo Finance,2026-09-11,2026-09-14,https://finance.yahoo.com/quote/DX-Y.NYB,data/market_data/macro/DXY.csv,,,,secondary (market data)
S169,macro_research,SEC EDGAR,MSFT quarterly capex (PaymentsToAcquirePropertyPlantAndEquipment) from 10-Q/10-K XBRL,SEC EDGAR,,2026-09-14,https://data.sec.gov/api/xbrl/companyfacts/CIK0000789019.json,data/financial_data/industry/capex_MSFT_quarterly.csv,,,,primary
S170,macro_research,SEC EDGAR,GOOGL quarterly capex (PaymentsToAcquirePropertyPlantAndEquipment) from 10-Q/10-K XBRL,SEC EDGAR,,2026-09-14,https://data.sec.gov/api/xbrl/companyfacts/CIK0001652044.json,data/financial_data/industry/capex_GOOGL_quarterly.csv,,,,primary
S171,macro_research,SEC EDGAR,AMZN quarterly capex (PaymentsToAcquireProductiveAssets) from 10-Q/10-K XBRL,SEC EDGAR,,2026-09-14,https://data.sec.gov/api/xbrl/companyfacts/CIK0001018724.json,data/financial_data/industry/capex_AMZN_quarterly.csv,,,,primary
S172,macro_research,SEC EDGAR,META quarterly capex (PaymentsToAcquirePropertyPlantAndEquipment) from 10-Q/10-K XBRL,SEC EDGAR,,2026-09-14,https://data.sec.gov/api/xbrl/companyfacts/CIK0001326801.json,data/financial_data/industry/capex_META_quarterly.csv,,,,primary
S173,macro_research,SEC EDGAR,ORCL quarterly capex (PaymentsToAcquirePropertyPlantAndEquipment) from 10-Q/10-K XBRL,SEC EDGAR,,2026-09-14,https://data.sec.gov/api/xbrl/companyfacts/CIK0001341439.json,data/financial_data/industry/capex_ORCL_quarterly.csv,,,,primary
S174,industry_research,SEC EDGAR,Micron quarterly revenue and gross margin (memory price-cycle proxy),SEC EDGAR,,2026-09-14,https://data.sec.gov/api/xbrl/companyfacts/CIK0000723125.json,data/financial_data/industry/micron_quarterly.csv,,,,primary
S175,other_evidence,"Aswath Damodaran, NYU Stern","Damodaran: Implied equity risk premiums, US (history)","Aswath Damodaran, NYU Stern",,2026-09-14,https://pages.stern.nyu.edu/~adamodar/pc/datasets/histimpl.xls,report/other_evidence/damodaran/histimpl.xls,,,,secondary (academic dataset)
S176,other_evidence,"Aswath Damodaran, NYU Stern",Damodaran: Betas by sector (US),"Aswath Damodaran, NYU Stern",,2026-09-14,https://pages.stern.nyu.edu/~adamodar/pc/datasets/betas.xls,report/other_evidence/damodaran/betas.xls,,,,secondary (academic dataset)
S177,other_evidence,"Aswath Damodaran, NYU Stern",Damodaran: Country default spreads and risk premiums,"Aswath Damodaran, NYU Stern",,2026-09-14,https://pages.stern.nyu.edu/~adamodar/pc/datasets/ctryprem.xlsx,report/other_evidence/damodaran/ctryprem.xlsx,,,,secondary (academic dataset)
S178,other_evidence,"Aswath Damodaran, NYU Stern",Damodaran: Cost of capital by sector (US),"Aswath Damodaran, NYU Stern",,2026-09-14,https://pages.stern.nyu.edu/~adamodar/pc/datasets/wacc.xls,report/other_evidence/damodaran/wacc.xls,,,,secondary (academic dataset)
S179,other_evidence,"Aswath Damodaran, NYU Stern",Damodaran: FCFF simple Ginzu valuation spreadsheet,"Aswath Damodaran, NYU Stern",,2026-09-14,https://pages.stern.nyu.edu/~adamodar/pc/fcffsimpleginzu.xlsx,report/other_evidence/damodaran/fcffsimpleginzu.xlsx,,,,secondary (academic dataset)
S180,other_evidence,The Motley Fool,"Stock Market Today, May 29: HPE surges after Dell AI server results spark sector rally",The Motley Fool,2026-05-29,2026-09-14,https://www.fool.com/coverage/stock-market-today/2026/05/29/stock-market-today-may-29-hewlett-packard-enterprise-surges-after-dell-ai-server-results-spark-sector-rally/,report/other_evidence/news/Fool_HPE_surges_Dell_AI_results_2026-05-29.html,,"HPE +12.8% to $43.09; Dell Q1 revenue +88%, $51bn AI backlog; volume 66.7m",Catalyst for 29-May-2026 move,secondary (news)
S181,other_evidence,The Motley Fool,"Stock Market Today, Sept. 11: HPE surges on AI infrastructure demand and recently raised guidance",The Motley Fool,2026-09-11,2026-09-14,https://www.fool.com/coverage/stock-market-today/2026/09/11/stock-market-today-sept-11-hpe-surges-on-ai-infrastructure-demand-and-recently-raised-guidance/,report/other_evidence/news/Fool_HPE_surges_2026-09-11.html,,HPE +12.4% to $62.09; volume ~58% above 3-month average,Catalyst for 11-Sep-2026 move,secondary (news)
S182,other_evidence,24/7 Wall St.,Dell surges 15% leading AI server rally; HPE pops 9%,24/7 Wall St.,2026-05-22,2026-09-14,https://247wallst.com/investing/2026/05/22/dell-surges-15-leading-ai-server-rally-hpe-pops-9-super-micro-rises-5-ahead-of-earnings-catalyst/,report/other_evidence/news/247WallSt_AI_server_rally_2026-05-22.html,,Sector-wide AI server rally,Catalyst for 22-May-2026 move,secondary (news)
S183,other_evidence,MarketBeat,Hewlett Packard Enterprise stock price up 9.4% — here's why,MarketBeat,2026-07-09,2026-09-14,https://www.marketbeat.com/instant-alerts/hewlett-packard-enterprise-nysehpe-stock-price-up-94-heres-why-2026-07-09/,report/other_evidence/news/MarketBeat_HPE_up_2026-07-09.html,,AI server sector rally; ProLiant DL394 Gen12 (NVIDIA Vera) launch; price-target raises,Catalyst for 9-Jul-2026 move,secondary (news)
S184,other_evidence,Yahoo Finance / Insider Monkey,Hewlett Packard (HPE) climbs 7.77% ahead of dividends,Yahoo Finance / Insider Monkey,2026-03-25,2026-09-14,https://finance.yahoo.com/markets/stocks/articles/hewlett-packard-hpe-climbs-7-021443046.html,report/other_evidence/news/Yahoo_HPE_climbs_ahead_of_dividend_2026-03-24.html,,Attributes 24-Mar-2026 +7.8% to dividend record date,Catalyst attribution (weak),secondary (news)
S185,other_evidence,HPE Newsroom,HPE announces board enhancements (Elliott cooperation agreement),HPE Newsroom,2025-07-15,2026-09-14,https://www.hpe.com/us/en/newsroom/press-release/2025/07/hewlett-packard-enterprise-announces-board-enhancements-to-support-ongoing-transformation-and-drive-shareholder-value.html,,,Robert Calderoni appointed; Strategy Committee formed; Elliott may appoint an employee director,Governance and activism,primary
S186,other_evidence,HPE Newsroom,HPE to acquire Juniper Networks to accelerate AI-driven innovation,HPE Newsroom,2024-01-09,2026-09-14,https://www.hpe.com/us/en/newsroom/press-release/2024/01/hpe-to-acquire-juniper-networks-to-accelerate-ai-driven-innovation.html,,,"$40.00 per share cash, ~$14bn equity value, ~32% premium to unaffected 8-Jan-2024 close; $450m synergy target",M&A precedent and capital allocation,primary
S187,company_filings,SEC EDGAR / HPE,HPE Form 10-Q FY2024Q3 (period ended 2024-07-31),SEC EDGAR / HPE,2024-09-05,2026-09-14,https://www.sec.gov/Archives/edgar/data/1645590/000164559024000119/hpe-20240731.htm,report/company_filings/10-Q/HPE_10-Q_FY2024Q3_2024-07-31.htm,,,,primary
S188,company_filings,SEC EDGAR / HPE,HPE Form 10-Q FY2024Q2 (period ended 2024-04-30),SEC EDGAR / HPE,2024-06-05,2026-09-14,https://www.sec.gov/Archives/edgar/data/1645590/000164559024000098/hpe-20240430.htm,report/company_filings/10-Q/HPE_10-Q_FY2024Q2_2024-04-30.htm,,,,primary
S189,company_filings,SEC EDGAR / HPE,HPE Form 10-Q FY2024Q1 (period ended 2024-01-31),SEC EDGAR / HPE,2024-03-05,2026-09-14,https://www.sec.gov/Archives/edgar/data/1645590/000164559024000069/hpe-20240131.htm,report/company_filings/10-Q/HPE_10-Q_FY2024Q1_2024-01-31.htm,,,,primary
S190,company_filings,SEC EDGAR / HPE,HPE Form 10-Q FY2023Q3 (period ended 2023-07-31),SEC EDGAR / HPE,2023-09-01,2026-09-14,https://www.sec.gov/Archives/edgar/data/1645590/000164559023000087/hpe-20230731.htm,report/company_filings/10-Q/HPE_10-Q_FY2023Q3_2023-07-31.htm,,,,primary
S191,company_filings,SEC EDGAR / HPE,HPE Form 10-Q FY2023Q2 (period ended 2023-04-30),SEC EDGAR / HPE,2023-06-02,2026-09-14,https://www.sec.gov/Archives/edgar/data/1645590/000164559023000066/hpe-20230430.htm,report/company_filings/10-Q/HPE_10-Q_FY2023Q2_2023-04-30.htm,,,,primary
S192,company_filings,SEC EDGAR / HPE,HPE Form 10-Q FY2023Q1 (period ended 2023-01-31),SEC EDGAR / HPE,2023-03-07,2026-09-14,https://www.sec.gov/Archives/edgar/data/1645590/000164559023000035/hpe-20230131.htm,report/company_filings/10-Q/HPE_10-Q_FY2023Q1_2023-01-31.htm,,,,primary
S193,company_filings,SEC EDGAR / HPE,HPE Form 10-Q FY2022Q3 (period ended 2022-07-31),SEC EDGAR / HPE,2022-09-01,2026-09-14,https://www.sec.gov/Archives/edgar/data/1645590/000164559022000052/hpe-20220731.htm,report/company_filings/10-Q/HPE_10-Q_FY2022Q3_2022-07-31.htm,,,,primary
S194,company_filings,SEC EDGAR / HPE,HPE Form 10-Q FY2022Q2 (period ended 2022-04-30),SEC EDGAR / HPE,2022-06-03,2026-09-14,https://www.sec.gov/Archives/edgar/data/1645590/000164559022000032/hpe-20220430.htm,report/company_filings/10-Q/HPE_10-Q_FY2022Q2_2022-04-30.htm,,,,primary
S195,company_filings,SEC EDGAR / HPE,HPE Form 10-Q FY2022Q1 (period ended 2022-01-31),SEC EDGAR / HPE,2022-03-03,2026-09-14,https://www.sec.gov/Archives/edgar/data/1645590/000164559022000016/hpe-20220131.htm,report/company_filings/10-Q/HPE_10-Q_FY2022Q1_2022-01-31.htm,,,,primary
S196,company_filings,SEC EDGAR / HPE,HPE Form 10-Q FY2021Q3 (period ended 2021-07-31),SEC EDGAR / HPE,2021-09-03,2026-09-14,https://www.sec.gov/Archives/edgar/data/1645590/000164559021000055/hpe-20210731.htm,report/company_filings/10-Q/HPE_10-Q_FY2021Q3_2021-07-31.htm,,,,primary
S197,company_filings,SEC EDGAR / HPE,HPE Form 10-Q FY2021Q2 (period ended 2021-04-30),SEC EDGAR / HPE,2021-06-03,2026-09-14,https://www.sec.gov/Archives/edgar/data/1645590/000164559021000041/hpe-20210430.htm,report/company_filings/10-Q/HPE_10-Q_FY2021Q2_2021-04-30.htm,,,,primary
S198,company_filings,SEC EDGAR / HPE,HPE Form 10-Q FY2021Q1 (period ended 2021-01-31),SEC EDGAR / HPE,2021-03-04,2026-09-14,https://www.sec.gov/Archives/edgar/data/1645590/000164559021000016/hpe-20210131.htm,report/company_filings/10-Q/HPE_10-Q_FY2021Q1_2021-01-31.htm,,,,primary
S199,company_filings,SEC EDGAR / HPE,HPE Form 10-Q FY2020Q3 (period ended 2020-07-31),SEC EDGAR / HPE,2020-09-03,2026-09-14,https://www.sec.gov/Archives/edgar/data/1645590/000164559020000041/hpe-20200731.htm,report/company_filings/10-Q/HPE_10-Q_FY2020Q3_2020-07-31.htm,,,,primary
S200,company_filings,SEC EDGAR / HPE,HPE Form 10-Q FY2020Q2 (period ended 2020-04-30),SEC EDGAR / HPE,2020-06-02,2026-09-14,https://www.sec.gov/Archives/edgar/data/1645590/000164559020000025/hpe-20200430.htm,report/company_filings/10-Q/HPE_10-Q_FY2020Q2_2020-04-30.htm,,,,primary
S201,company_filings,SEC EDGAR / HPE,HPE Form 10-Q FY2020Q1 (period ended 2020-01-31),SEC EDGAR / HPE,2020-03-09,2026-09-14,https://www.sec.gov/Archives/edgar/data/1645590/000164559020000009/hpe-01312020x10qq1.htm,report/company_filings/10-Q/HPE_10-Q_FY2020Q1_2020-01-31.htm,,,,primary
S202,company_filings,SEC EDGAR / HPE,HPE Form 10-Q FY2019Q3 (period ended 2019-07-31),SEC EDGAR / HPE,2019-08-30,2026-09-14,https://www.sec.gov/Archives/edgar/data/1645590/000164559019000030/hpe-07312019x10qq3.htm,report/company_filings/10-Q/HPE_10-Q_FY2019Q3_2019-07-31.htm,,,,primary
S203,company_filings,SEC EDGAR / HPE,HPE Form 10-Q FY2019Q2 (period ended 2019-04-30),SEC EDGAR / HPE,2019-05-31,2026-09-14,https://www.sec.gov/Archives/edgar/data/1645590/000164559019000017/hpe-04302019x10qq2.htm,report/company_filings/10-Q/HPE_10-Q_FY2019Q2_2019-04-30.htm,,,,primary
S204,company_filings,SEC EDGAR / HPE,HPE Form 10-Q FY2019Q1 (period ended 2019-01-31),SEC EDGAR / HPE,2019-03-05,2026-09-14,https://www.sec.gov/Archives/edgar/data/1645590/000162828019002482/hpe-01312019x10qq1.htm,report/company_filings/10-Q/HPE_10-Q_FY2019Q1_2019-01-31.htm,,,,primary
S205,company_filings,SEC EDGAR / HPE,HPE Form 10-Q FY2018Q3 (period ended 2018-07-31),SEC EDGAR / HPE,2018-09-04,2026-09-14,https://www.sec.gov/Archives/edgar/data/1645590/000162828018011596/hpe-07312018x10qq3.htm,report/company_filings/10-Q/HPE_10-Q_FY2018Q3_2018-07-31.htm,,,,primary
S206,company_filings,SEC EDGAR / HPE,HPE Form 10-Q FY2018Q2 (period ended 2018-04-30),SEC EDGAR / HPE,2018-06-07,2026-09-14,https://www.sec.gov/Archives/edgar/data/1645590/000162828018007715/hpe-04302018x10qq2.htm,report/company_filings/10-Q/HPE_10-Q_FY2018Q2_2018-04-30.htm,,,,primary
S207,company_filings,SEC EDGAR / HPE,HPE Form 10-Q FY2018Q1 (period ended 2018-01-31),SEC EDGAR / HPE,2018-03-09,2026-09-14,https://www.sec.gov/Archives/edgar/data/1645590/000162828018003043/hpe-01312018x10q.htm,report/company_filings/10-Q/HPE_10-Q_FY2018Q1_2018-01-31.htm,,,,primary
S208,company_filings,SEC EDGAR / HPE,HPE Form 10-Q FY2017Q3 (period ended 2017-07-31),SEC EDGAR / HPE,2017-09-07,2026-09-14,https://www.sec.gov/Archives/edgar/data/1645590/000162828017009143/hpe-07312017x10q.htm,report/company_filings/10-Q/HPE_10-Q_FY2017Q3_2017-07-31.htm,,,,primary
S209,company_filings,SEC EDGAR / HPE,HPE Form 10-Q FY2017Q2 (period ended 2017-04-30),SEC EDGAR / HPE,2017-06-08,2026-09-14,https://www.sec.gov/Archives/edgar/data/1645590/000162828017006325/hpe-04302017x10q.htm,report/company_filings/10-Q/HPE_10-Q_FY2017Q2_2017-04-30.htm,,,,primary
S210,company_filings,SEC EDGAR / HPE,HPE Form 10-Q FY2017Q1 (period ended 2017-01-31),SEC EDGAR / HPE,2017-03-09,2026-09-14,https://www.sec.gov/Archives/edgar/data/1645590/000162828017002444/hpe-01312017x10q.htm,report/company_filings/10-Q/HPE_10-Q_FY2017Q1_2017-01-31.htm,,,,primary
S211,company_filings,SEC EDGAR / HPE,HPE Form 10-Q FY2016Q3 (period ended 2016-07-31),SEC EDGAR / HPE,2016-09-08,2026-09-14,https://www.sec.gov/Archives/edgar/data/1645590/000162828016019456/hpe-07312016x10q.htm,report/company_filings/10-Q/HPE_10-Q_FY2016Q3_2016-07-31.htm,,,,primary
S212,company_filings,SEC EDGAR / HPE,HPE Form 10-Q FY2016Q2 (period ended 2016-04-30),SEC EDGAR / HPE,2016-06-08,2026-09-14,https://www.sec.gov/Archives/edgar/data/1645590/000104746916013717/a2228788z10-q.htm,report/company_filings/10-Q/HPE_10-Q_FY2016Q2_2016-04-30.htm,,,,primary
S213,company_filings,SEC EDGAR / HPE,HPE Form 10-Q FY2016Q1 (period ended 2016-01-31),SEC EDGAR / HPE,2016-03-10,2026-09-14,https://www.sec.gov/Archives/edgar/data/1645590/000104746916010994/a2227444z10-q.htm,report/company_filings/10-Q/HPE_10-Q_FY2016Q1_2016-01-31.htm,,,,primary
S214,other_evidence,CISA,"Known Exploited Vulnerabilities catalogue (catalogVersion 2026.09.11, 1,709 entries)",CISA,2026-09-11,2026-09-14,https://www.cisa.gov/sites/default/files/feeds/known_exploited_vulnerabilities.json,report/other_evidence/practitioner_qa/cisa_kev_catalog_2026.09.11.json,,Juniper 8 entries (5 J-Web 2023; CVE-2025-21590; CVE-2015-7755 added 2025-10-02); peer vendor counts,Q&A 1: vendor exposure,primary
S215,other_evidence,Checkoway et al. (ACM CCS 2016),A Systematic Analysis of the Juniper Dual EC Incident,IACR ePrint 2016/376,2016-10,2026-09-14,https://eprint.iacr.org/2016/376.pdf,report/other_evidence/practitioner_qa/checkoway_juniper_dual_ec_2016.pdf,,Unauthorized code in ScreenOS: authentication bypass and passive VPN decryption,Q&A 1: security history,secondary
S216,other_evidence,Mandiant (Google Cloud),Ghost in the Router: China-Nexus Espionage Actor UNC3886 Targets Juniper Routers,Google Cloud Threat Intelligence,2025-03-11,2026-09-14,https://cloud.google.com/blog/topics/threat-intelligence/china-nexus-espionage-targets-juniper-routers,report/other_evidence/practitioner_qa/mandiant_ghost_in_the_router_2025-03-11.html,,TINYSHELL-based backdoors on end-of-life MX routers; veriexec bypass; upgrade and JMRT integrity check advised,Q&A 1: security history,secondary
S217,other_evidence,Rapid7,Exploitation of Juniper Networks SRX Series and EX Series devices (J-Web CVE-2023-36844 family),Rapid7,2023-08-31,2026-09-14,https://www.rapid7.com/blog/post/2023/08/31/etr-exploitation-of-juniper-networks-srx-series-and-ex-series-devices/,report/other_evidence/practitioner_qa/rapid7_junos_jweb_exploitation_2023-08-31.html,,Unauthenticated J-Web vulnerabilities chainable to remote code execution on EX/SRX,Q&A 1: security history,secondary
S218,other_evidence,Juniper Networks,"Junos OS installation and upgrade overview: software editions (domestic, worldwide, FIPS)",Juniper Networks TechLibrary,,2026-09-14,https://www.juniper.net/documentation/en_US/junos/topics/reference/general/junos-software-editions.html,report/other_evidence/practitioner_qa/juniper_junos_software_editions.html,,Pre-15.1 Junos packages split by encryption export edition,Q&A 1: export classification,primary
S219,other_evidence,Juniper Networks,Juniper Mist firewall ports and IP addresses for firewall configuration,Juniper Networks TechLibrary,,2026-09-14,https://www.juniper.net/documentation/us/en/software/mist/mist-management/topics/ref/firewall-ports-to-open.html,report/other_evidence/practitioner_qa/juniper_mist_firewall_ports.html,,Mist-managed devices need outbound TCP 443 and TCP 2200 (oc-term.mistsys.net); SRX logs TCP 6514,Q&A 1: cloud management,primary
S220,other_evidence,Federal Register / FCC,Protecting Against National Security Threats to the Communications Supply Chain Through the Equipment Authorization Program,Federal Register 2025-21928,2025-12-04,2026-09-14,https://www.federalregister.gov/documents/2025/12/04/2025-21928/protecting-against-national-security-threats-to-the-communications-supply-chain-through-the,report/other_evidence/practitioner_qa/federal_register_2025-21928_covered_list.html,,"Covered List entities (Huawei, ZTE, Hytera, Hikvision, Dahua); Juniper not covered",Q&A 1: regulatory status,primary
S221,other_evidence,U.S. Department of Justice,Justice Department requires divestitures and licensing commitments in HPE's acquisition of Juniper,U.S. Department of Justice,2025-06-28,2026-09-14,https://www.justice.gov/opa/pr/justice-department-requires-divestitures-and-licensing-commitments-hpes-acquisition-juniper,report/other_evidence/practitioner_qa/doj_hpe_juniper_settlement_2025-06-28.html,,Instant On divestiture; auction of perpetual non-exclusive licence to Juniper AI Ops for Mist source code,Q&A 1: HPE implications,primary
S222,financial_data,SEC EDGAR,SEC XBRL company facts: DLR,SEC EDGAR,,2026-09-14,https://data.sec.gov/api/xbrl/companyfacts/CIK0001297996.json,data/financial_data/companyfacts_DLR.json,,,,primary
S223,financial_data,SEC EDGAR,SEC XBRL company facts: KEEL,SEC EDGAR,,2026-09-14,https://data.sec.gov/api/xbrl/companyfacts/CIK0001812477.json,data/financial_data/companyfacts_KEEL.json,,,,primary
S224,financial_data,SEC EDGAR,SEC XBRL company facts: IREN,SEC EDGAR,,2026-09-14,https://data.sec.gov/api/xbrl/companyfacts/CIK0001878848.json,data/financial_data/companyfacts_IREN.json,,,,primary
S225,financial_data,SEC EDGAR,SEC XBRL company facts: CRWV,SEC EDGAR,,2026-09-14,https://data.sec.gov/api/xbrl/companyfacts/CIK0001769628.json,data/financial_data/companyfacts_CRWV.json,,,,primary
S226,financial_data,SEC EDGAR,SEC XBRL company facts: NBIS,SEC EDGAR,,2026-09-14,https://data.sec.gov/api/xbrl/companyfacts/CIK0001513845.json,data/financial_data/companyfacts_NBIS.json,,,,primary
S227,financial_data,SEC EDGAR,SEC XBRL company facts: NVDA,SEC EDGAR,,2026-09-14,https://data.sec.gov/api/xbrl/companyfacts/CIK0001045810.json,data/financial_data/companyfacts_NVDA.json,,,,primary
S228,market_data,Yahoo Finance chart API,DLR daily OHLCV (split/spin-off adjusted) 2015-10-01–2026-09-11,Yahoo Finance chart API,,2026-09-14,https://finance.yahoo.com/quote/DLR/history,data/market_data/DLR_daily.csv,,,,secondary (market data)
S229,market_data,Yahoo Finance chart API,KEEL daily OHLCV (split/spin-off adjusted) 2019-08-16–2026-09-11,Yahoo Finance chart API,,2026-09-14,https://finance.yahoo.com/quote/KEEL/history,data/market_data/KEEL_daily.csv,,,,secondary (market data)
S230,market_data,Yahoo Finance chart API,IREN daily OHLCV (split/spin-off adjusted) 2021-11-17–2026-09-11,Yahoo Finance chart API,,2026-09-14,https://finance.yahoo.com/quote/IREN/history,data/market_data/IREN_daily.csv,,,,secondary (market data)
S231,market_data,Yahoo Finance chart API,CRWV daily OHLCV (split/spin-off adjusted) 2025-03-28–2026-09-11,Yahoo Finance chart API,,2026-09-14,https://finance.yahoo.com/quote/CRWV/history,data/market_data/CRWV_daily.csv,,,,secondary (market data)
S232,market_data,Yahoo Finance chart API,NBIS daily OHLCV (split/spin-off adjusted) 2024-10-21–2026-09-11,Yahoo Finance chart API,,2026-09-14,https://finance.yahoo.com/quote/NBIS/history,data/market_data/NBIS_daily.csv,,,,secondary (market data)
S233,market_data,Yahoo Finance chart API,NVDA daily OHLCV (split/spin-off adjusted) 2015-10-01–2026-09-11,Yahoo Finance chart API,,2026-09-14,https://finance.yahoo.com/quote/NVDA/history,data/market_data/NVDA_daily.csv,,,,secondary (market data)
S234,market_data,Yahoo Finance chart API,BTC-USD daily OHLCV (split/spin-off adjusted) 2015-09-30–2026-09-11,Yahoo Finance chart API,,2026-09-14,https://finance.yahoo.com/quote/BTC-USD/history,data/market_data/BTC-USD_daily.csv,,,,secondary (market data)
S235,other_evidence,CoreWeave,CoreWeave Form 10-K FY2025,CoreWeave,2026-03-02,2026-09-14,https://www.sec.gov/Archives/edgar/data/1769628/000176962826000104/crwv-20251231.htm,report/other_evidence/practitioner_qa/q2/CRWV_10K_2026-03-02_crwv-20251231.htm,,Technology equipment 6-year life; ~5-year weighted contract duration; Microsoft 67% of FY2025 revenue; take-or-pay contracts,Q&A 2: business models,primary
S236,other_evidence,CoreWeave,CoreWeave Form 10-Q Q2 2026 (period ended 2026-06-30),CoreWeave,2026-08-12,2026-09-14,https://www.sec.gov/Archives/edgar/data/1769628/000176962826000366/crwv-20260630.htm,report/other_evidence/practitioner_qa/q2/CRWV_10Q_2026-08-12_crwv-20260630.htm,,RPO $103.7bn (41% within 24 months); PP&E mix; customer concentration; capitalised interest,Q&A 2: business models,primary
S237,other_evidence,CoreWeave,CoreWeave Q2 2026 results release (8-K Ex-99.1),CoreWeave,2026-08-11,2026-09-14,https://www.sec.gov/Archives/edgar/data/1769628/000176962826000362/coreweave2q26earningspress.htm,report/other_evidence/practitioner_qa/q2/CRWV_8K_2026-08-11_coreweave2q26earningspress.htm,,Revenue backlog ~$104bn; adjusted EBITDA margin 59%; interest expense $640m,Q&A 2: business models,primary
S238,other_evidence,Nebius Group,Nebius Group Form 20-F FY2025,Nebius Group,2026-04-30,2026-09-14,https://www.sec.gov/Archives/edgar/data/1513845/000110465926052948/nbis-20251231x20f.htm,report/other_evidence/practitioner_qa/q2/NBIS_20F_2026-04-30_nbis-20251231x20f.htm,,"FY2025 revenue, D&A, operating loss, capex, operating cash flow",Q&A 2: business models,primary
S239,other_evidence,Nebius Group,Nebius Q2 2026 results release (6-K Ex-99.1),Nebius Group,2026-08-12,2026-09-14,https://www.sec.gov/Archives/edgar/data/1513845/000110465926094568/tm2622968d1_ex99-1.htm,report/other_evidence/practitioner_qa/q2/NBIS_6K_2026-08-12_tm2622968d1_ex99-1.htm,,Q2 2026 results,Q&A 2: business models,primary
S240,other_evidence,Nebius Group,Nebius Q2 2026 letter to shareholders (6-K Ex-99.2),Nebius Group,2026-08-12,2026-09-14,https://www.sec.gov/Archives/edgar/data/1513845/000110465926094568/tm2622968d1_ex99-2.htm,report/other_evidence/practitioner_qa/q2/NBIS_6K_2026-08-12_tm2622968d1_ex99-2.htm,,ARR $3.0bn; deal yields $20-25m per MW; >$9bn 2026 prepayments; 50-60% of capex self-financed,Q&A 2: business models,primary
S241,other_evidence,Nebius Group,Nebius Q2 2026 management's discussion and analysis (6-K Ex-99.1),Nebius Group,2026-08-12,2026-09-14,https://www.sec.gov/Archives/edgar/data/1513845/000110465926094844/nbis-20260812xex99d1.htm,report/other_evidence/practitioner_qa/q2/NBIS_6K_2026-08-12_nbis-20260812xex99d1.htm,,Q2/6M 2026 income statement; 6M capex $8.13bn; operating cash flow from prepayments,Q&A 2: business models,primary
S242,other_evidence,Nebius Group,Nebius Q2 2026 unaudited condensed consolidated financial statements (6-K Ex-99.2),Nebius Group,2026-08-12,2026-09-14,https://www.sec.gov/Archives/edgar/data/1513845/000110465926094844/nbis-20260812xex99d2.htm,report/other_evidence/practitioner_qa/q2/NBIS_6K_2026-08-12_nbis-20260812xex99d2.htm,,Balance sheet 30-Jun-2026; RPO $37.5bn; server useful life 4 to 5 years,Q&A 2: business models,primary
S243,other_evidence,IREN,IREN Form 10-K FY2026 (period ended 2026-06-30),IREN,2026-08-27,2026-09-14,https://www.sec.gov/Archives/edgar/data/1878848/000187884826000052/iren-20260630.htm,report/other_evidence/practitioner_qa/q2/IREN_10K_2026-08-27_iren-20260630.htm,,RPO $5.1bn plus $11.4bn contracted lease value; HPC hardware 5-year life; revenue by segment,Q&A 2: business models,primary
S244,other_evidence,IREN,IREN FY26 results release (8-K Ex-99.1),IREN,2026-08-27,2026-09-14,https://www.sec.gov/Archives/edgar/data/1878848/000187884826000051/irenreportsfy26results.htm,report/other_evidence/practitioner_qa/q2/IREN_8K_2026-08-27_irenreportsfy26results.htm,,$4bn contracted ARR; >$20m revenue per MW with ~2-year payback; prepayments 45-55% of GPU capex,Q&A 2: business models,primary
S245,other_evidence,Digital Realty,Digital Realty Q2 2026 earnings release and financial supplement (8-K Ex-99.1),Digital Realty,2026-07-23,2026-09-14,https://www.sec.gov/Archives/edgar/data/1297996/000110465926086270/dlr-20260723xex99d1.htm,report/other_evidence/practitioner_qa/q2/DLR_8K_2026-07-23_dlr-20260723xex99d1.htm,,Backlog $1.9bn; 9-month commencement lag; 4.1-year WALT; 10%+ stabilised development yields,Q&A 2: business models,primary
S246,other_evidence,Digital Realty,Digital Realty Q2 2026 earnings presentation (8-K Ex-99.2),Digital Realty,2026-07-23,2026-09-14,https://www.sec.gov/Archives/edgar/data/1297996/000110465926086270/dlr-20260723xex99d2.htm,report/other_evidence/practitioner_qa/q2/DLR_8K_2026-07-23_dlr-20260723xex99d2.htm,,Bookings and backlog history,Q&A 2: business models,primary
S247,other_evidence,Digital Realty,Digital Realty Form 10-Q Q2 2026 (period ended 2026-06-30),Digital Realty,2026-07-31,2026-09-14,https://www.sec.gov/Archives/edgar/data/1297996/000110465926089296/dlr-20260630x10q.htm,report/other_evidence/practitioner_qa/q2/DLR_10Q_2026-07-31_dlr-20260630x10q.htm,,Inline XBRL for Q2 2026 (companyfacts not yet updated),Q&A 2: business models,primary
S248,other_evidence,Keel Infrastructure,Keel Infrastructure Form 10-Q Q2 2026 (period ended 2026-06-30),Keel Infrastructure,2026-08-10,2026-09-14,https://www.sec.gov/Archives/edgar/data/1812477/000181247726000023/keel-20260630.htm,report/other_evidence/practitioner_qa/q2/KEEL_10Q_2026-08-10_keel-20260630.htm,,Construction in progress; mining wind-down; PP&E,Q&A 2: business models,primary
S249,other_evidence,Keel Infrastructure,Keel Infrastructure Q2 2026 results release (8-K Ex-99.1),Keel Infrastructure,2026-08-10,2026-09-14,https://www.sec.gov/Archives/edgar/data/1812477/000181247726000021/a202689finalprkeelq22026ea.htm,report/other_evidence/practitioner_qa/q2/KEEL_8K_2026-08-10_a202689finalprkeelq22026ea.htm,,"Revenue $30m; $819m liquidity; 2.2 GW pipeline; negotiations at three sites, no lease signed",Q&A 2: business models,primary
S250,other_evidence,Dell Technologies,Dell Technologies Q2 FY27 results release (8-K Ex-99.1),Dell Technologies,2026-09-01,2026-09-14,https://www.sec.gov/Archives/edgar/data/1571996/000157199626000039/exhibit991earnings8kq2fy27.htm,report/other_evidence/practitioner_qa/q2/DELL_8K_2026-09-01_exhibit991earnings8kq2fy27.htm,,AI orders $60.9bn; AI backlog $95bn; ISG margin 15.0%; FY27 revenue outlook $192bn,Q&A 2: business models,primary
S251,industry_research,iRecruit (citing JLL 2026 Global Data Center Outlook),Data center construction cost per MW (2026): benchmarks for owners,iRecruit,2026,2026-09-14,https://www.irecruit.co/insights/data-center-construction-cost-per-mw-2026-benchmarks-owners,report/other_evidence/practitioner_qa/q2/irecruit_dc_cost_per_mw_2026.html,,$11.3m per MW global average; $15-20m+ per MW AI-optimised,Q&A 2: stylised unit economics,secondary
S252,earnings_materials,Zacks Equity Research (via Yahoo Finance),HPE to Report Q3 Earnings: What's in the Cards for the Stock?,Zacks / Yahoo Finance,2026-08-28,2026-09-15,https://finance.yahoo.com/markets/stocks/articles/hpe-report-q3-earnings-whats-152700745.html,report/earnings_materials/FY2026Q3/HPE_Q3FY26_consensus_zacks_yahoo_2026-08-28.html,,"Q3 FY26 consensus: revenue $12.1bn, non-GAAP EPS $0.94; four straight EPS beats, average surprise 16%",Pitch: latest-quarter scorecard,secondary
S253,other_evidence,Futurum Group,Agentic AI Operations: HPE's Path to Simplicity,Futurum Group (Alastair Cooke),2026-06-24,2026-09-16,https://futurumgroup.com/insights/can-hpes-unified-agentic-it-operations-cut-through-ai-infrastructure-complexity/,report/other_evidence/practitioner_qa/q3/futurum_hpe_unified_agentic_it_operations_2026-06-24.html,,"55% of organisations cite AI agent reliability as top adoption challenge (Futurum 1H 2026 survey, n=820); differentiation requires measurable reductions in incident response time and cost",Q&A 3: GreenLake,secondary (analyst commentary)
S254,other_evidence,The Register,"VMware price hikes? Between 800 and 1,500%, claim Euro customers",The Register (Dan Robinson),2025-05-22,2026-09-16,https://www.theregister.com/off-prem/2025/05/22/vmware-price-hikes-800-1500-claim-euro-customers/1488879,report/other_evidence/practitioner_qa/q3/theregister_vmware_price_hikes_ecco_2025-05-22.html,,"ECCO/CISPE claim VMware price increases of 800-1,500% after Broadcom ended perpetual licences",Q&A 3: GreenLake,secondary (press)
S255,other_evidence,Virtualization Review,"HPE Expands Agentic AI, GreenLake and Morpheus Software",Virtualization Review (David Ramel),2026-06-18,2026-09-16,https://virtualizationreview.com/articles/2026/06/18/hpe-uses-discover-2026-to-expand-agentic-ai-greenlake-and-morpheus-software.aspx,report/other_evidence/practitioner_qa/q3/virtualizationreview_hpe_discover_2026_greenlake_morpheus_2026-06-18.html,,"Discover 2026: GreenLake and Morpheus agentic operations; ServiceNow, Citrix, Terraform integrations",Q&A 3: GreenLake,secondary (trade press)
S256,other_evidence,PeerSpot,HPE GreenLake reviews 2026,PeerSpot,2026-09-16,2026-09-16,https://www.peerspot.com/products/hpe-greenlake-reviews,report/other_evidence/practitioner_qa/q3/peerspot_hpe_greenlake_reviews_2026-09-16.html,,"4.3 out of 5 from 14 reviews; 93% willing to recommend; reviewers cite pay-as-you-go flexibility, integration, learning curve",Q&A 3: GreenLake,"secondary (user reviews, self-selected)"
