task,horizon,model,companies,mean_r2_oos,mean_rmse,mean_mae,mean_qlike
excess_return,1,boost_full,4,-0.02803553891413349,0.13214690186969888,0.10106437319200168,
excess_return,1,core_ridge,4,-0.050826139071273424,0.13356855174487167,0.102331949836101,
excess_return,1,historical_mean,4,0.0,0.13024525332911321,0.09988880421310757,
excess_return,1,ridge_full,4,-0.05546421577259569,0.1338340642654343,0.10295630803420788,
excess_return,1,zero,4,-0.026045044556082475,0.13192973456779095,0.09912870356899736,
return,1,A1_market,4,-0.11999900161478114,0.1483060207620492,0.11525497618258414,
return,1,A2_financial,4,-0.1429176266886647,0.14998577494706966,0.11647389039735048,
return,1,A3_valuation,4,-0.10889764430287935,0.14785890357968967,0.11505052721195423,
return,1,A4_momentum,4,-0.08446212055815738,0.14622090592740314,0.11422080056644396,
return,1,A5_risk,4,-0.10008106735508926,0.14727078961130008,0.11532601444372853,
return,1,A6_industry,4,-0.08978175844809982,0.14660054205138226,0.11527780947397753,
return,1,A7_business,4,-0.07037458647998551,0.14520758105107884,0.11419767498487822,
return,1,A8_transform,4,-0.07108069802474581,0.1452818710200795,0.11504438448903594,
return,1,A9_interaction,4,-0.07190261179681451,0.1453369289096063,0.11482651383432424,
return,1,P1_financial,4,-0.14182781319400473,0.15007880122442846,0.1169115235057679,
return,1,P2_valuation,4,-0.11807817107002816,0.1484452932479905,0.11467227652808971,
return,1,P3_transform,4,-0.10191769630327091,0.14731439288544723,0.1149946352519504,
return,1,P4_market,4,-0.10119968863432449,0.14727892712160484,0.1162528622141767,
return,1,P5_industry,4,-0.07680140112629685,0.14571623002473655,0.11553425755436705,
return,1,P6_business,4,-0.07108069802474581,0.1452818710200795,0.11504438448903594,
return,1,ar1,4,0.010020602570091713,0.13961805138276873,0.1097896390596628,
return,1,arimax,4,-0.08391972031138084,0.1458767484354066,0.1171703117474501,
return,1,arma_static,4,-0.05096680217897556,0.14387896366206387,0.11570385937765013,
return,1,arx,4,-0.039833598958712996,0.14309828005999847,0.11523725255627158,
return,1,boost_full,4,-0.047057395250556466,0.14364576372899462,0.11197686730726236,
return,1,business_pair_ridge,4,-0.0669947322242152,0.14495173473624134,0.11302355377663667,
return,1,capm_style,4,-0.023882796595052602,0.14202739088522295,0.1117493243254503,
return,1,claims_proxy_sensitivity,4,-0.07416260114806539,0.14549202397699457,0.1150459122205463,
return,1,core_financial_changes,4,-0.014126482304119475,0.14139719947298257,0.11152250606217616,
return,1,core_ols,4,-0.050966556680809766,0.143878947554646,0.11570384470166396,
return,1,core_pe_difference,4,-0.03524745104294513,0.14276259916395628,0.1124467664417937,
return,1,core_pe_lag1,4,-0.035245038216372815,0.14283437404618712,0.11251024193547712,
return,1,core_pe_level,4,-0.03776615899664959,0.14302011174256424,0.11241208002662774,
return,1,core_pe_percentage,4,-0.02647303303553794,0.14216999791920823,0.11166927329133546,
return,1,core_ridge,4,-0.046261755117234155,0.14356320298673356,0.1143916633150687,
return,1,distributed_all_lag1,4,-0.07379711513143772,0.14546517826688313,0.11472672049620375,
return,1,distributed_all_lag3,4,-0.15292928375025333,0.15063759968723633,0.118473068142448,
return,1,distributed_lag1,4,-0.06631987203567258,0.14490673698059828,0.11515518080743055,
return,1,distributed_lag3,4,-0.1151354429423399,0.14823677794140916,0.11667061690707957,
return,1,elastic_full,4,-0.0560553292635223,0.14428748167972258,0.11512196406951182,
return,1,financial_only,4,-0.14182781319400473,0.15007880122442846,0.1169115235057679,
return,1,financial_valuation,4,-0.11807817107002816,0.1484452932479905,0.11467227652808971,
return,1,forest_full,4,-0.01548377029430828,0.14147762311125905,0.11006069234924776,
return,1,historical_mean,4,0.0,0.14036202349398422,0.11028273802500638,
return,1,lasso_full,4,-0.026899835868735067,0.14226744613501557,0.11252609102313468,
return,1,market_mean,4,-0.04309493520073071,0.14335561070033762,0.11156231842075204,
return,1,mine_inclusive_fcf,1,-0.07616546533693747,0.13834490638868208,0.10496223343253865,
return,1,panel_company_effects,4,-0.03280732199532235,0.14260070174080275,0.112947672012988,
return,1,pooled_boost,4,-0.008904367474987018,0.1409898097279643,0.11067829577160926,
return,1,pooled_forest,4,-0.014973982579906786,0.14141087113328227,0.11054846345674867,
return,1,pooled_ridge,4,-0.042882307086682225,0.14325331626846577,0.11239367964146363,
return,1,ridge_full,4,-0.07108069802474581,0.1452818710200795,0.11504438448903594,
return,1,ridge_rolling84,4,-0.07861931842115238,0.14574395982032606,0.11539693643066004,
return,1,without_business,4,-0.07680140112629685,0.14571623002473655,0.11553425755436705,
return,1,without_financial,4,-0.02922415575685594,0.14232262504988408,0.11198509544524292,
return,1,without_industry,4,-0.11442498551289565,0.1481239831126845,0.11627956261404328,
return,1,without_market,4,-0.13416431582332367,0.14939644989365541,0.11915786764969602,
return,1,without_momentum,4,-0.07041230123821124,0.1451262573558565,0.11455082215096328,
return,1,without_risk,4,-0.06693732368951277,0.1449763417824716,0.11490217705760962,
return,1,without_valuation,4,-0.11709816974397791,0.1481605359410924,0.11667540840173983,
return,1,zero,4,-0.07535878900522525,0.14554893969637087,0.11214449076049555,
return,3,boost_full,4,-0.0312476468022668,0.2410119027246276,0.19065898655743713,
return,3,core_ols,4,0.0484442797688279,0.23141676117092924,0.17774314090643425,
return,3,forest_full,4,-0.052695147732786524,0.24364271920676472,0.19225736496882675,
return,3,historical_mean,4,0.0,0.23806761410921345,0.1834476653544628,
return,3,ridge_full,4,-0.2066161578080838,0.26049547411601115,0.20596163753745994,
variance,1,arch1,4,-0.24316367458866575,0.0009089041151817978,0.0005876828640139318,0.31550329217577117
variance,1,business_pair_ridge,4,0.19531257037140706,0.0007640708250538624,0.0004211964680351244,0.2181877617065931
variance,1,ewma94,4,-0.14121742795370454,0.0008834626043709751,0.0005355220929006903,0.3449877934315539
variance,1,garch11,4,-0.08489864650636489,0.0008637782362466203,0.000503290163989071,0.2789301058480447
variance,1,garchx_business,4,-0.05589723820723444,0.0008623575244297229,0.0004745057730057102,0.2700621808506585
variance,1,garchx_industry,4,0.038032137892573425,0.0008335163596734951,0.00045295973659624256,0.2562519649065276
variance,1,garchx_market,4,-0.008358146110900494,0.0008538193870216678,0.00046750814337431475,0.2807033246615747
variance,1,historical_variance21,4,-0.40347406483641807,0.0009902341859237159,0.000587310387648596,0.4606222517984433
variance,1,historical_variance252,4,0.058049650211268344,0.0008212293796966835,0.0004744917714309909,0.2699925085121062
variance,1,historical_variance63,4,0.0,0.0008424732782567811,0.0004977606364065937,0.28239979090964357
variance,1,panel_company_effects,4,-0.07214767959348595,0.0008678341454891585,0.0005349936813004182,0.33614212670430116
variance,1,pooled_boost,4,0.09917963585172687,0.000807511465920518,0.0004448501409855489,0.24868316515062633
variance,1,pooled_forest,4,0.09152891878837924,0.0008099033045764362,0.0004457493657652858,0.25073929309252957
variance,1,pooled_ridge,4,0.15187050944017733,0.0007809939450319305,0.0004652999112311489,0.2291134067331937
variance,1,variance_boost,4,0.08336258315776204,0.0008161052944449432,0.0004466144391294778,0.2799657872817433
variance,1,variance_forest,4,0.09506711915107657,0.0008071673198568734,0.00043683503967023867,0.2574666502145557
variance,1,variance_ridge,4,0.1530591578793288,0.0007823616977570167,0.000430994373639675,0.23753434342794588
variance,1,variance_ridge_external,4,0.08725041448889478,0.0008108630960608556,0.00043489514441142615,0.2557824888946072
variance,1,variance_ridge_market,4,0.03166094373941708,0.0008331863528111843,0.00045544561269636816,0.2769550803836476
variance,1,variance_ridge_persistence,4,0.0331529988650649,0.0008257076148704063,0.0004706662281692886,0.25971484415880597
