family,ticker,contrast,expanded,reduced,status,identical_share,n,mean_loss_reduction,lo,hi,pvalue,bootstrap_se,block,replications,issuers,holm_adjusted_pvalue,family_tested,family_declared,unadjusted_decision,adjusted_decision,note
R16,MTRN,valuation_added,ridge_full,without_valuation,tested,0.5454545454545454,44,-0.0003790523752503333,-0.0009681723823685107,0.00014741768810188773,0.182,0.00028652458749162286,6,1999,,1.0,15.0,16.0,interval includes zero,does not survive Holm,"Declared in REVISION_SPEC.md before rescoring. Holm applies within each family to tested rows only; identical forecasts are untested contrasts, not evidence of no effect. Adjusted decisions need not match unadjusted interval exclusion."
R16,ENTG,valuation_added,ridge_full,without_valuation,tested,0.7272727272727273,44,9.842212766293814e-05,-0.0005567423106917692,0.0008443757635935654,0.845,0.00035536587622315893,6,1999,,1.0,15.0,16.0,interval includes zero,does not survive Holm,"Declared in REVISION_SPEC.md before rescoring. Holm applies within each family to tested rows only; identical forecasts are untested contrasts, not evidence of no effect. Adjusted decisions need not match unadjusted interval exclusion."
R16,CRS,valuation_added,ridge_full,without_valuation,tested,0.0,44,-0.00019724531054389786,-0.0006126820428982135,0.00022025071534045737,0.361,0.00021438282155785625,6,1999,,1.0,15.0,16.0,interval includes zero,does not survive Holm,"Declared in REVISION_SPEC.md before rescoring. Holm applies within each family to tested rows only; identical forecasts are untested contrasts, not evidence of no effect. Adjusted decisions need not match unadjusted interval exclusion."
R16,ATI,valuation_added,ridge_full,without_valuation,tested,0.8181818181818182,44,0.0003794450469713016,-2.066824256302086e-05,0.0010159816182769843,0.193,0.0002788457529063811,6,1999,,1.0,15.0,16.0,interval includes zero,does not survive Holm,"Declared in REVISION_SPEC.md before rescoring. Holm applies within each family to tested rows only; identical forecasts are untested contrasts, not evidence of no effect. Adjusted decisions need not match unadjusted interval exclusion."
R16,MTRN,transformations_vs_levels,core_pe_difference,core_pe_level,tested,0.5454545454545454,44,-0.00044345606544915,-0.0013077562595612243,0.0002981258876929006,0.343,0.00041709114800395796,6,1999,,1.0,15.0,16.0,interval includes zero,does not survive Holm,"Declared in REVISION_SPEC.md before rescoring. Holm applies within each family to tested rows only; identical forecasts are untested contrasts, not evidence of no effect. Adjusted decisions need not match unadjusted interval exclusion."
R16,ENTG,transformations_vs_levels,core_pe_difference,core_pe_level,tested,0.18181818181818182,44,0.00032499509394460607,-0.0015952102592736912,0.0023512372489552145,0.786,0.0010144828440097333,6,1999,,1.0,15.0,16.0,interval includes zero,does not survive Holm,"Declared in REVISION_SPEC.md before rescoring. Holm applies within each family to tested rows only; identical forecasts are untested contrasts, not evidence of no effect. Adjusted decisions need not match unadjusted interval exclusion."
R16,CRS,transformations_vs_levels,core_pe_difference,core_pe_level,tested,0.36363636363636365,44,0.00018185247904949856,-0.00021851679515896318,0.0005544560761840947,0.316,0.0001926120731278631,6,1999,,1.0,15.0,16.0,interval includes zero,does not survive Holm,"Declared in REVISION_SPEC.md before rescoring. Holm applies within each family to tested rows only; identical forecasts are untested contrasts, not evidence of no effect. Adjusted decisions need not match unadjusted interval exclusion."
R16,ATI,transformations_vs_levels,core_pe_difference,core_pe_level,identical_by_exclusion,1.0,44,0.0,0.0,0.0,1.0,0.0,6,1999,,,15.0,16.0,untested,untested,"Declared in REVISION_SPEC.md before rescoring. Holm applies within each family to tested rows only; identical forecasts are untested contrasts, not evidence of no effect. Adjusted decisions need not match unadjusted interval exclusion."
R16,MTRN,arma_vs_static,arimax,arma_static,tested,0.2727272727272727,44,-0.001979199677822399,-0.0065019756606115395,0.0013189640622091907,0.322,0.0020135264107546493,6,1999,,1.0,15.0,16.0,interval includes zero,does not survive Holm,"Declared in REVISION_SPEC.md before rescoring. Holm applies within each family to tested rows only; identical forecasts are untested contrasts, not evidence of no effect. Adjusted decisions need not match unadjusted interval exclusion."
R16,ENTG,arma_vs_static,arimax,arma_static,tested,0.8181818181818182,44,-0.0002291606720700059,-0.0012052380957906532,0.0004906820656025615,0.771,0.00044168118616902803,6,1999,,1.0,15.0,16.0,interval includes zero,does not survive Holm,"Declared in REVISION_SPEC.md before rescoring. Holm applies within each family to tested rows only; identical forecasts are untested contrasts, not evidence of no effect. Adjusted decisions need not match unadjusted interval exclusion."
R16,CRS,arma_vs_static,arimax,arma_static,tested,0.7272727272727273,44,-2.0882689235840595e-05,-0.0004993313696575291,0.00043671582918926056,0.98,0.0002305164405964063,6,1999,,1.0,15.0,16.0,interval includes zero,does not survive Holm,"Declared in REVISION_SPEC.md before rescoring. Holm applies within each family to tested rows only; identical forecasts are untested contrasts, not evidence of no effect. Adjusted decisions need not match unadjusted interval exclusion."
R16,ATI,arma_vs_static,arimax,arma_static,tested,0.5454545454545454,44,0.0005568608025726128,-0.0004323243455282918,0.002024079874817541,0.468,0.0006470190505866356,6,1999,,1.0,15.0,16.0,interval includes zero,does not survive Holm,"Declared in REVISION_SPEC.md before rescoring. Holm applies within each family to tested rows only; identical forecasts are untested contrasts, not evidence of no effect. Adjusted decisions need not match unadjusted interval exclusion."
R16,MTRN,lags_vs_static,distributed_all_lag1,core_ridge,tested,0.5454545454545454,44,-0.0001398406513754377,-0.0012033179615641315,0.0009818007439732943,0.713,0.0005472371811905012,6,1999,,1.0,15.0,16.0,interval includes zero,does not survive Holm,"Declared in REVISION_SPEC.md before rescoring. Holm applies within each family to tested rows only; identical forecasts are untested contrasts, not evidence of no effect. Adjusted decisions need not match unadjusted interval exclusion."
R16,ENTG,lags_vs_static,distributed_all_lag1,core_ridge,tested,0.0,44,-0.0005807941535418544,-0.0013901983917170252,0.00016257389019569613,0.158,0.00040265161648978356,6,1999,,1.0,15.0,16.0,interval includes zero,does not survive Holm,"Declared in REVISION_SPEC.md before rescoring. Holm applies within each family to tested rows only; identical forecasts are untested contrasts, not evidence of no effect. Adjusted decisions need not match unadjusted interval exclusion."
R16,CRS,lags_vs_static,distributed_all_lag1,core_ridge,tested,0.0,44,-6.613354156445417e-05,-0.0013846137737152007,0.0016117865927884293,0.906,0.0007650014837599943,6,1999,,1.0,15.0,16.0,interval includes zero,does not survive Holm,"Declared in REVISION_SPEC.md before rescoring. Holm applies within each family to tested rows only; identical forecasts are untested contrasts, not evidence of no effect. Adjusted decisions need not match unadjusted interval exclusion."
R16,ATI,lags_vs_static,distributed_all_lag1,core_ridge,tested,0.5454545454545454,44,-0.000744399333707206,-0.0024528013928003605,0.00043604373810946347,0.322,0.0007468665162943363,6,1999,,1.0,15.0,16.0,interval includes zero,does not survive Holm,"Declared in REVISION_SPEC.md before rescoring. Holm applies within each family to tested rows only; identical forecasts are untested contrasts, not evidence of no effect. Adjusted decisions need not match unadjusted interval exclusion."
V20,MTRN,persistence_vs_naive,variance_ridge_persistence,historical_variance63,tested,0.0,44,-0.0910434348404916,-0.3792718072109887,0.0836200813667069,0.629,0.12423712779797626,6,1999,,1.0,20.0,20.0,interval includes zero,does not survive Holm,"Declared in REVISION_SPEC.md before rescoring. Holm applies within each family to tested rows only; identical forecasts are untested contrasts, not evidence of no effect. Adjusted decisions need not match unadjusted interval exclusion."
V20,ENTG,persistence_vs_naive,variance_ridge_persistence,historical_variance63,tested,0.0,44,0.049260919141773545,-0.001056631825130913,0.13062166600540312,0.063,0.03464372229781591,6,1999,,1.0,20.0,20.0,interval includes zero,does not survive Holm,"Declared in REVISION_SPEC.md before rescoring. Holm applies within each family to tested rows only; identical forecasts are untested contrasts, not evidence of no effect. Adjusted decisions need not match unadjusted interval exclusion."
V20,CRS,persistence_vs_naive,variance_ridge_persistence,historical_variance63,tested,0.0,44,0.049305889591797485,0.00999725306233787,0.10301412993817784,0.012,0.024007153858433,6,1999,,0.24,20.0,20.0,interval excludes zero,does not survive Holm,"Declared in REVISION_SPEC.md before rescoring. Holm applies within each family to tested rows only; identical forecasts are untested contrasts, not evidence of no effect. Adjusted decisions need not match unadjusted interval exclusion."
V20,ATI,persistence_vs_naive,variance_ridge_persistence,historical_variance63,tested,0.0,44,0.022918934132066485,-0.049457477287111584,0.10342089898699149,0.588,0.03952720089149264,6,1999,,1.0,20.0,20.0,interval includes zero,does not survive Holm,"Declared in REVISION_SPEC.md before rescoring. Holm applies within each family to tested rows only; identical forecasts are untested contrasts, not evidence of no effect. Adjusted decisions need not match unadjusted interval exclusion."
V20,MTRN,pooling_persistence,pooled_variance_persistence,variance_ridge_persistence,tested,0.0,44,0.0637664897789091,-0.03255142498419522,0.2255548944782631,0.53,0.06991773980191321,6,1999,,1.0,20.0,20.0,interval includes zero,does not survive Holm,"Declared in REVISION_SPEC.md before rescoring. Holm applies within each family to tested rows only; identical forecasts are untested contrasts, not evidence of no effect. Adjusted decisions need not match unadjusted interval exclusion."
V20,ENTG,pooling_persistence,pooled_variance_persistence,variance_ridge_persistence,tested,0.0,44,-0.051125057102240315,-0.15815491176922972,0.029152628262620064,0.347,0.04933092448224967,6,1999,,1.0,20.0,20.0,interval includes zero,does not survive Holm,"Declared in REVISION_SPEC.md before rescoring. Holm applies within each family to tested rows only; identical forecasts are untested contrasts, not evidence of no effect. Adjusted decisions need not match unadjusted interval exclusion."
V20,CRS,pooling_persistence,pooled_variance_persistence,variance_ridge_persistence,tested,0.0,44,0.009090465663520205,-0.0012430535123214874,0.023908348620219653,0.109,0.006597005202510907,6,1999,,1.0,20.0,20.0,interval includes zero,does not survive Holm,"Declared in REVISION_SPEC.md before rescoring. Holm applies within each family to tested rows only; identical forecasts are untested contrasts, not evidence of no effect. Adjusted decisions need not match unadjusted interval exclusion."
V20,ATI,pooling_persistence,pooled_variance_persistence,variance_ridge_persistence,tested,0.0,44,0.006955402698531843,-0.008100592769813992,0.02031597224908888,0.345,0.007233735980487069,6,1999,,1.0,20.0,20.0,interval includes zero,does not survive Holm,"Declared in REVISION_SPEC.md before rescoring. Holm applies within each family to tested rows only; identical forecasts are untested contrasts, not evidence of no effect. Adjusted decisions need not match unadjusted interval exclusion."
V20,MTRN,pooling_external,pooled_variance_external,variance_ridge_external,tested,0.0,44,0.05966143666906166,-0.0050025159740533735,0.16523839058761783,0.122,0.04565460724399799,6,1999,,1.0,20.0,20.0,interval includes zero,does not survive Holm,"Declared in REVISION_SPEC.md before rescoring. Holm applies within each family to tested rows only; identical forecasts are untested contrasts, not evidence of no effect. Adjusted decisions need not match unadjusted interval exclusion."
V20,ENTG,pooling_external,pooled_variance_external,variance_ridge_external,tested,0.0,44,0.002286750262718462,-0.060632851211393717,0.06945878024175642,0.905,0.03325432818255222,6,1999,,1.0,20.0,20.0,interval includes zero,does not survive Holm,"Declared in REVISION_SPEC.md before rescoring. Holm applies within each family to tested rows only; identical forecasts are untested contrasts, not evidence of no effect. Adjusted decisions need not match unadjusted interval exclusion."
V20,CRS,pooling_external,pooled_variance_external,variance_ridge_external,tested,0.0,44,-0.0035363776582922235,-0.030304818853576842,0.01905302121179355,0.816,0.012846312017992852,6,1999,,1.0,20.0,20.0,interval includes zero,does not survive Holm,"Declared in REVISION_SPEC.md before rescoring. Holm applies within each family to tested rows only; identical forecasts are untested contrasts, not evidence of no effect. Adjusted decisions need not match unadjusted interval exclusion."
V20,ATI,pooling_external,pooled_variance_external,variance_ridge_external,tested,0.0,44,0.004158720069299227,-0.032040397761324495,0.036026023637733,0.763,0.017644798854019265,6,1999,,1.0,20.0,20.0,interval includes zero,does not survive Holm,"Declared in REVISION_SPEC.md before rescoring. Holm applies within each family to tested rows only; identical forecasts are untested contrasts, not evidence of no effect. Adjusted decisions need not match unadjusted interval exclusion."
V20,MTRN,external_individual,variance_ridge_external,variance_ridge_persistence,tested,0.0,44,0.0217823424699505,-0.018014775320261876,0.0688827672469216,0.368,0.022112382097694977,6,1999,,1.0,20.0,20.0,interval includes zero,does not survive Holm,"Declared in REVISION_SPEC.md before rescoring. Holm applies within each family to tested rows only; identical forecasts are untested contrasts, not evidence of no effect. Adjusted decisions need not match unadjusted interval exclusion."
V20,ENTG,external_individual,variance_ridge_external,variance_ridge_persistence,tested,0.0,44,-0.03750919393846218,-0.10486476564724591,0.01931800008091482,0.218,0.03144661206372572,6,1999,,1.0,20.0,20.0,interval includes zero,does not survive Holm,"Declared in REVISION_SPEC.md before rescoring. Holm applies within each family to tested rows only; identical forecasts are untested contrasts, not evidence of no effect. Adjusted decisions need not match unadjusted interval exclusion."
V20,CRS,external_individual,variance_ridge_external,variance_ridge_persistence,tested,0.0,44,0.016749926106943015,-0.0170143995155056,0.05344524094205283,0.373,0.018101362917674706,6,1999,,1.0,20.0,20.0,interval includes zero,does not survive Holm,"Declared in REVISION_SPEC.md before rescoring. Holm applies within each family to tested rows only; identical forecasts are untested contrasts, not evidence of no effect. Adjusted decisions need not match unadjusted interval exclusion."
V20,ATI,external_individual,variance_ridge_external,variance_ridge_persistence,tested,0.0,44,0.02128714806029117,-0.010546961868553896,0.058938124372124395,0.192,0.017570787449219496,6,1999,,1.0,20.0,20.0,interval includes zero,does not survive Holm,"Declared in REVISION_SPEC.md before rescoring. Holm applies within each family to tested rows only; identical forecasts are untested contrasts, not evidence of no effect. Adjusted decisions need not match unadjusted interval exclusion."
V20,MTRN,external_pooled,pooled_variance_external,pooled_variance_persistence,tested,0.0,44,0.017677289360103075,-0.007183964050594082,0.04496389318501954,0.188,0.013711271202809173,6,1999,,1.0,20.0,20.0,interval includes zero,does not survive Holm,"Declared in REVISION_SPEC.md before rescoring. Holm applies within each family to tested rows only; identical forecasts are untested contrasts, not evidence of no effect. Adjusted decisions need not match unadjusted interval exclusion."
V20,ENTG,external_pooled,pooled_variance_external,pooled_variance_persistence,tested,0.0,44,0.015902613426496605,-0.016001003871159932,0.05034543573426839,0.349,0.016681756105041707,6,1999,,1.0,20.0,20.0,interval includes zero,does not survive Holm,"Declared in REVISION_SPEC.md before rescoring. Holm applies within each family to tested rows only; identical forecasts are untested contrasts, not evidence of no effect. Adjusted decisions need not match unadjusted interval exclusion."
V20,CRS,external_pooled,pooled_variance_external,pooled_variance_persistence,tested,0.0,44,0.0041230827851305865,-0.015759741956896254,0.02156119930904478,0.662,0.00939186031798033,6,1999,,1.0,20.0,20.0,interval includes zero,does not survive Holm,"Declared in REVISION_SPEC.md before rescoring. Holm applies within each family to tested rows only; identical forecasts are untested contrasts, not evidence of no effect. Adjusted decisions need not match unadjusted interval exclusion."
V20,ATI,external_pooled,pooled_variance_external,pooled_variance_persistence,tested,0.0,44,0.018490465431058555,0.0009087186372280232,0.03706917257983932,0.036,0.009174572501383777,6,1999,,0.6839999999999999,20.0,20.0,interval excludes zero,does not survive Holm,"Declared in REVISION_SPEC.md before rescoring. Holm applies within each family to tested rows only; identical forecasts are untested contrasts, not evidence of no effect. Adjusted decisions need not match unadjusted interval exclusion."
RJ4,joint,valuation_added,ridge_full,without_valuation,tested,,44,-2.4607627789997864e-05,-0.000286698951226551,0.0002710122229840603,0.854,0.0001402672900313343,6,1999,4.0,1.0,4.0,4.0,interval includes zero,does not survive Holm,"Declared in REVISION_SPEC.md before rescoring. Holm applies within each family to tested rows only; identical forecasts are untested contrasts, not evidence of no effect. Adjusted decisions need not match unadjusted interval exclusion."
RJ4,joint,transformations_vs_levels,core_pe_difference,core_pe_level,tested,,44,1.5847876886238672e-05,-0.00046202475897994655,0.0005450307119103252,0.993,0.0002614508186446258,6,1999,4.0,1.0,4.0,4.0,interval includes zero,does not survive Holm,"Declared in REVISION_SPEC.md before rescoring. Holm applies within each family to tested rows only; identical forecasts are untested contrasts, not evidence of no effect. Adjusted decisions need not match unadjusted interval exclusion."
RJ4,joint,arma_vs_static,arimax,arma_static,tested,,44,-0.00041809555913890813,-0.0015241980801490944,0.00045516378385359685,0.378,0.0004947561088414683,6,1999,4.0,1.0,4.0,4.0,interval includes zero,does not survive Holm,"Declared in REVISION_SPEC.md before rescoring. Holm applies within each family to tested rows only; identical forecasts are untested contrasts, not evidence of no effect. Adjusted decisions need not match unadjusted interval exclusion."
RJ4,joint,lags_vs_static,distributed_all_lag1,core_ridge,tested,,44,-0.0003827919200472381,-0.0011088619340665828,0.0002742370285510469,0.277,0.0003541018178840085,6,1999,4.0,1.0,4.0,4.0,interval includes zero,does not survive Holm,"Declared in REVISION_SPEC.md before rescoring. Holm applies within each family to tested rows only; identical forecasts are untested contrasts, not evidence of no effect. Adjusted decisions need not match unadjusted interval exclusion."
VJ5,joint,persistence_vs_naive,variance_ridge_persistence,historical_variance63,tested,,44,0.007610577006286479,-0.07627549476641701,0.07440407788927018,0.72,0.03753369812998864,6,1999,4.0,1.0,5.0,5.0,interval includes zero,does not survive Holm,"Declared in REVISION_SPEC.md before rescoring. Holm applies within each family to tested rows only; identical forecasts are untested contrasts, not evidence of no effect. Adjusted decisions need not match unadjusted interval exclusion."
VJ5,joint,pooling_persistence,pooled_variance_persistence,variance_ridge_persistence,tested,,44,0.007171825259680204,-0.011264156365757854,0.029489527225971167,0.528,0.010357996374138057,6,1999,4.0,1.0,5.0,5.0,interval includes zero,does not survive Holm,"Declared in REVISION_SPEC.md before rescoring. Holm applies within each family to tested rows only; identical forecasts are untested contrasts, not evidence of no effect. Adjusted decisions need not match unadjusted interval exclusion."
VJ5,joint,pooling_external,pooled_variance_external,variance_ridge_external,tested,,44,0.015642632335696783,-0.0020670709576065386,0.036786023905457516,0.088,0.009974157047846826,6,1999,4.0,0.43999999999999995,5.0,5.0,interval includes zero,does not survive Holm,"Declared in REVISION_SPEC.md before rescoring. Holm applies within each family to tested rows only; identical forecasts are untested contrasts, not evidence of no effect. Adjusted decisions need not match unadjusted interval exclusion."
VJ5,joint,external_individual,variance_ridge_external,variance_ridge_persistence,tested,,44,0.005577555674680626,-0.012595979588409934,0.024320446712902778,0.551,0.00950264966067602,6,1999,4.0,1.0,5.0,5.0,interval includes zero,does not survive Holm,"Declared in REVISION_SPEC.md before rescoring. Holm applies within each family to tested rows only; identical forecasts are untested contrasts, not evidence of no effect. Adjusted decisions need not match unadjusted interval exclusion."
VJ5,joint,external_pooled,pooled_variance_external,pooled_variance_persistence,tested,,44,0.014048362750697208,-0.004070703370719641,0.03222293186697684,0.129,0.009302430808174004,6,1999,4.0,0.516,5.0,5.0,interval includes zero,does not survive Holm,"Declared in REVISION_SPEC.md before rescoring. Holm applies within each family to tested rows only; identical forecasts are untested contrasts, not evidence of no effect. Adjusted decisions need not match unadjusted interval exclusion."
