task,horizon,ticker,model,window,refits,intercept_only_share,median_candidates,median_retained,max_missing_indicators,max_excluded_low_coverage,median_effective_df,median_condition_number,min_rank,median_nonzero_coefficients,median_tree_leaves,distinct_retained_sets
market_relative_return,1,ATI,boost_full,expanding,44,1.0,80.0,72.0,0,8,0.0,,0,0.0,,2
market_relative_return,1,ATI,core_ridge,expanding,44,1.0,6.0,6.0,0,0,0.0,,0,0.0,,1
market_relative_return,1,ATI,ridge_full,expanding,44,1.0,80.0,72.0,0,8,0.0,,0,0.0,,2
market_relative_return,1,CRS,boost_full,expanding,44,0.8181818181818182,80.0,73.0,16,8,0.0,2110.7187463596792,0,0.0,345.0,2
market_relative_return,1,CRS,core_ridge,expanding,44,0.2727272727272727,6.0,6.0,2,0,2.80705828989847,10.982674782577106,0,8.0,,1
market_relative_return,1,CRS,ridge_full,expanding,44,0.2727272727272727,80.0,73.0,16,8,4.580874917616976,2210.9833754106103,0,89.0,,2
market_relative_return,1,ENTG,boost_full,expanding,44,1.0,80.0,78.0,0,4,0.0,,0,0.0,,3
market_relative_return,1,ENTG,core_ridge,expanding,44,0.2727272727272727,6.0,6.0,0,0,2.8093999233197535,1.7262767901730236,0,6.0,,1
market_relative_return,1,ENTG,ridge_full,expanding,44,0.2727272727272727,80.0,78.0,11,4,17.076451698885222,4921.335581220518,0,88.0,,3
market_relative_return,1,MTRN,boost_full,expanding,44,0.7272727272727273,80.0,74.0,6,6,0.0,676.9552195422384,0,0.0,330.0,1
market_relative_return,1,MTRN,core_ridge,expanding,44,0.2727272727272727,6.0,6.0,0,0,2.8260382261482824,1.9028607391733199,0,6.0,,1
market_relative_return,1,MTRN,ridge_full,expanding,44,0.2727272727272727,80.0,74.0,6,6,4.87582468964184,626.9692657565047,0,80.0,,1
return,1,ATI,A1_market,expanding,44,0.5454545454545454,14.0,12.0,0,2,0.0,184.81282683266966,0,0.0,,1
return,1,ATI,A2_financial,expanding,44,1.0,36.0,30.0,0,6,0.0,,0,0.0,,2
return,1,ATI,A3_valuation,expanding,44,1.0,46.0,39.0,0,7,0.0,,0,0.0,,2
return,1,ATI,A4_momentum,expanding,44,0.8181818181818182,52.0,45.0,5,7,0.0,1643.5992675159623,0,0.0,,2
return,1,ATI,A5_risk,expanding,44,0.8181818181818182,62.0,55.0,5,7,0.0,2068.0221011330923,0,0.0,,2
return,1,ATI,A6_industry,expanding,44,1.0,66.0,59.0,0,7,0.0,,0,0.0,,2
return,1,ATI,A7_business,expanding,44,0.8181818181818182,72.0,65.0,5,7,0.0,2444.802780587026,0,0.0,,2
return,1,ATI,A8_transform,expanding,44,0.8181818181818182,80.0,72.0,5,8,0.0,3120.949684415531,0,0.0,,2
return,1,ATI,A9_interaction,expanding,44,0.8181818181818182,82.0,74.0,5,8,0.0,4366.551885063516,0,0.0,,2
return,1,ATI,P1_financial,expanding,44,1.0,22.0,18.0,0,4,0.0,,0,0.0,,2
return,1,ATI,P2_valuation,expanding,44,1.0,32.0,27.0,0,5,0.0,,0,0.0,,2
return,1,ATI,P3_transform,expanding,44,1.0,40.0,34.0,0,6,0.0,,0,0.0,,2
return,1,ATI,P4_market,expanding,44,1.0,69.0,61.0,0,8,0.0,,0,0.0,,2
return,1,ATI,P5_industry,expanding,44,1.0,74.0,66.0,0,8,0.0,,0,0.0,,2
return,1,ATI,P6_business,expanding,44,0.8181818181818182,80.0,72.0,5,8,0.0,3120.949684415531,0,0.0,,2
return,1,ATI,ar1,expanding,44,0.0,1.0,1.0,0,0,1.0,1.0,1,1.0,,1
return,1,ATI,arx,expanding,44,0.0,7.0,7.0,0,0,7.0,7.4423911840636325,7,7.0,,1
return,1,ATI,boost_full,expanding,44,0.8181818181818182,80.0,72.0,5,8,0.0,3120.949684415531,0,0.0,346.5,2
return,1,ATI,claims_proxy_sensitivity,expanding,44,0.8181818181818182,83.0,74.0,6,9,0.0,4594.616509155505,0,0.0,,2
return,1,ATI,core_financial_changes,expanding,44,1.0,6.0,6.0,0,0,0.0,,0,0.0,,1
return,1,ATI,core_ols,expanding,44,0.0,6.0,6.0,0,0,6.0,7.425130652774374,6,6.0,,1
return,1,ATI,core_ols_financial_ext,expanding,44,0.0,8.0,8.0,0,0,8.0,7.813403014556572,8,8.0,,1
return,1,ATI,core_pe_difference,expanding,44,1.0,6.0,5.0,0,1,0.0,,0,0.0,,1
return,1,ATI,core_pe_lag1,expanding,44,1.0,6.0,5.0,0,1,0.0,,0,0.0,,1
return,1,ATI,core_pe_level,expanding,44,1.0,6.0,5.0,0,1,0.0,,0,0.0,,1
return,1,ATI,core_pe_percentage,expanding,44,1.0,6.0,5.0,0,1,0.0,,0,0.0,,1
return,1,ATI,core_ridge,expanding,44,0.5454545454545454,6.0,6.0,0,0,0.0,7.410936463070611,0,0.0,,1
return,1,ATI,core_ridge_financial_ext,expanding,44,0.5454545454545454,8.0,8.0,0,0,0.0,7.804383888215319,0,0.0,,1
return,1,ATI,distributed_all_lag1,expanding,44,0.8181818181818182,12.0,12.0,2,0,0.0,20.888835952039095,0,0.0,,1
return,1,ATI,distributed_all_lag3,expanding,44,1.0,18.0,18.0,0,0,0.0,,0,0.0,,1
return,1,ATI,distributed_lag1,expanding,44,0.8181818181818182,10.0,10.0,0,0,0.0,20.61185681804064,0,0.0,,1
return,1,ATI,distributed_lag3,expanding,44,1.0,16.0,16.0,0,0,0.0,,0,0.0,,1
return,1,ATI,elastic_full,expanding,44,0.8181818181818182,80.0,72.0,5,8,0.0,3120.949684415531,0,0.0,,2
return,1,ATI,financial_only,expanding,44,1.0,22.0,18.0,0,4,0.0,,0,0.0,,2
return,1,ATI,financial_valuation,expanding,44,1.0,32.0,27.0,0,5,0.0,,0,0.0,,2
return,1,ATI,forest_full,expanding,44,0.0,80.0,72.0,5,8,,3481.597830128843,73,0.0,398.0,2
return,1,ATI,lasso_full,expanding,44,0.8181818181818182,80.0,72.0,5,8,0.0,3120.949684415531,0,0.0,,2
return,1,ATI,ridge_full,expanding,44,0.8181818181818182,80.0,72.0,5,8,0.0,3120.949684415531,0,0.0,,2
return,1,ATI,ridge_rolling84,rolling84,44,1.0,80.0,72.0,0,8,0.0,,0,0.0,,4
return,1,ATI,without_business,expanding,44,1.0,74.0,66.0,0,8,0.0,,0,0.0,,2
return,1,ATI,without_financial,expanding,44,0.8181818181818182,54.0,50.0,3,4,0.0,441.77242323158737,0,0.0,,1
return,1,ATI,without_industry,expanding,44,0.8181818181818182,75.0,67.0,5,8,0.0,2990.661921217714,0,0.0,,2
return,1,ATI,without_market,expanding,44,0.8181818181818182,63.0,57.0,5,6,0.0,2101.8572954470374,0,0.0,,2
return,1,ATI,without_momentum,expanding,44,1.0,74.0,66.0,0,8,0.0,,0,0.0,,2
return,1,ATI,without_risk,expanding,44,0.5454545454545454,70.0,62.0,5,8,0.0,2606.4719134851775,0,0.0,,2
return,1,ATI,without_valuation,expanding,44,0.8181818181818182,66.0,60.0,2,6,0.0,1276.847725767571,0,0.0,,2
return,1,CRS,A1_market,expanding,44,0.5454545454545454,14.0,12.0,0,2,0.0,182.99646471659202,0,0.0,,1
return,1,CRS,A2_financial,expanding,44,0.5454545454545454,36.0,31.0,8,5,0.0,382.7565868242857,0,0.0,,1
return,1,CRS,A3_valuation,expanding,44,0.5454545454545454,46.0,39.0,12,7,0.0,673.2955246762959,0,0.0,,1
return,1,CRS,A4_momentum,expanding,44,0.5454545454545454,52.0,45.0,12,7,0.0,719.0591548138555,0,0.0,,1
return,1,CRS,A5_risk,expanding,44,0.45454545454545453,62.0,55.0,12,7,0.5180857231959977,1484.592950469851,0,64.0,,1
return,1,CRS,A6_industry,expanding,44,0.18181818181818182,66.0,59.0,12,7,0.5563738962587419,1762.895669025589,0,71.0,,1
return,1,CRS,A7_business,expanding,44,0.0,72.0,65.0,12,7,4.105625870257486,1545.3785567353962,70,77.0,,1
return,1,CRS,A8_transform,expanding,44,0.0,80.0,73.0,16,8,4.580874917616976,2524.26747677268,78,89.0,,2
return,1,CRS,A9_interaction,expanding,44,0.0,82.0,75.0,18,8,4.691365103442087,2614.1022244016604,80,93.0,,2
return,1,CRS,P1_financial,expanding,44,1.0,22.0,19.0,0,3,0.0,,0,0.0,,1
return,1,CRS,P2_valuation,expanding,44,0.7272727272727273,32.0,27.0,12,5,0.0,968.9445513778564,0,0.0,,1
return,1,CRS,P3_transform,expanding,44,0.7272727272727273,40.0,35.0,15,6,0.0,1093.2272869307171,0,0.0,,2
return,1,CRS,P4_market,expanding,44,0.45454545454545453,69.0,62.0,16,8,0.5721270390046291,2147.9826368677177,0,71.0,,2
return,1,CRS,P5_industry,expanding,44,0.18181818181818182,74.0,67.0,16,8,4.034581997067455,2358.162364269053,0,81.0,,2
return,1,CRS,P6_business,expanding,44,0.0,80.0,73.0,16,8,4.580874917616976,2524.26747677268,78,89.0,,2
return,1,CRS,ar1,expanding,44,0.0,1.0,1.0,0,0,1.0,1.0,1,1.0,,1
return,1,CRS,arx,expanding,44,0.0,7.0,7.0,2,0,9.0,11.036627496864945,8,9.0,,1
return,1,CRS,boost_full,expanding,44,0.8181818181818182,80.0,73.0,16,8,0.0,2110.7187463596792,0,0.0,337.0,2
return,1,CRS,claims_proxy_sensitivity,expanding,44,0.2727272727272727,83.0,75.0,19,9,0.7031233572085285,2402.484346158483,0,89.5,,4
return,1,CRS,core_financial_changes,expanding,44,0.18181818181818182,6.0,6.0,2,0,2.924671251181044,8.585133028021449,0,8.0,,1
return,1,CRS,core_ols,expanding,44,0.0,6.0,6.0,2,0,8.0,10.858812832349123,7,8.0,,1
return,1,CRS,core_ols_financial_ext,expanding,44,0.0,8.0,8.0,4,0,12.0,13.83096545709781,10,12.0,,1
return,1,CRS,core_pe_difference,expanding,44,0.0,6.0,6.0,3,1,3.1362380031300763,9.592214436902314,6,9.0,,2
return,1,CRS,core_pe_lag1,expanding,44,0.18181818181818182,6.0,6.0,3,1,0.4637830773386609,9.144099858679981,0,7.0,,2
return,1,CRS,core_pe_level,expanding,44,0.0,6.0,6.0,3,1,3.1318237190294465,9.360190298478592,6,9.0,,2
return,1,CRS,core_pe_percentage,expanding,44,0.0,6.0,6.0,3,1,3.1349095908646847,9.339655294650406,6,9.0,,2
return,1,CRS,core_ridge,expanding,44,0.0,6.0,6.0,2,0,2.80705828989847,10.858812832349123,7,8.0,,1
return,1,CRS,core_ridge_financial_ext,expanding,44,0.0,8.0,8.0,4,0,0.7212047713726771,13.83096545709781,10,12.0,,1
return,1,CRS,distributed_all_lag1,expanding,44,0.5454545454545454,12.0,12.0,6,0,0.0,32.100111962718245,0,0.0,,1
return,1,CRS,distributed_all_lag3,expanding,44,0.45454545454545453,18.0,18.0,8,0,14.210373265303133,43.76785982507923,0,26.0,,1
return,1,CRS,distributed_lag1,expanding,44,0.2727272727272727,10.0,10.0,4,0,0.10015408458975336,31.995738073915017,0,13.5,,1
return,1,CRS,distributed_lag3,expanding,44,0.45454545454545453,16.0,16.0,6,0,12.319142479517613,43.190882766914044,0,22.0,,1
return,1,CRS,elastic_full,expanding,44,0.5454545454545454,80.0,73.0,16,8,0.0,2128.4186754455955,0,0.0,,2
return,1,CRS,financial_only,expanding,44,1.0,22.0,19.0,0,3,0.0,,0,0.0,,1
return,1,CRS,financial_valuation,expanding,44,0.7272727272727273,32.0,27.0,12,5,0.0,968.9445513778564,0,0.0,,1
return,1,CRS,forest_full,expanding,44,0.2727272727272727,80.0,73.0,16,8,0.0,2210.9833754106103,0,0.0,370.5,2
return,1,CRS,lasso_full,expanding,44,0.8181818181818182,80.0,73.0,16,8,0.0,2110.7187463596792,0,0.0,,2
return,1,CRS,ridge_full,expanding,44,0.0,80.0,73.0,16,8,4.580874917616976,2524.26747677268,78,89.0,,2
return,1,CRS,ridge_rolling84,rolling84,44,0.0,80.0,72.0,15,8,4.380058519370068,18518.49351917618,78,85.0,,4
return,1,CRS,without_business,expanding,44,0.18181818181818182,74.0,67.0,16,8,4.034581997067455,2358.162364269053,0,81.0,,2
return,1,CRS,without_financial,expanding,44,0.0,54.0,50.0,5,5,13.08772993293987,438.72734418838036,52,55.0,,2
return,1,CRS,without_industry,expanding,44,0.2727272727272727,75.0,68.0,16,8,0.6308900993724361,2072.6793102970396,0,79.5,,2
return,1,CRS,without_market,expanding,44,0.45454545454545453,63.0,58.0,16,6,0.5401401736678713,1786.2020409750266,0,67.0,,2
return,1,CRS,without_momentum,expanding,44,0.0,74.0,67.0,16,8,4.247719575007418,2244.9301015547944,72,83.0,,2
return,1,CRS,without_risk,expanding,44,0.0,70.0,63.0,16,8,4.111837365907631,1996.0789506065305,68,79.0,,2
return,1,CRS,without_valuation,expanding,44,0.0,66.0,61.0,11,5,0.5830753367203834,1509.008742354932,65,72.0,,1
return,1,CRS+ATI,business_pair_ridge,expanding,44,0.8181818181818182,83.0,74.0,17,8,0.0,770.2092313073258,0,0.0,,2
return,1,ENTG,A1_market,expanding,44,0.5454545454545454,14.0,12.0,0,2,0.0,184.81282683266966,0,0.0,,1
return,1,ENTG,A2_financial,expanding,44,0.7272727272727273,36.0,34.0,5,3,0.0,560.4157843747312,0,0.0,,2
return,1,ENTG,A3_valuation,expanding,44,0.7272727272727273,46.0,44.0,10,4,0.0,1308.2741853295486,0,0.0,,3
return,1,ENTG,A4_momentum,expanding,44,0.7272727272727273,52.0,50.0,10,4,0.0,1551.7460033479224,0,0.0,,3
return,1,ENTG,A5_risk,expanding,44,0.7272727272727273,62.0,60.0,10,4,0.0,2346.57293128138,0,0.0,,3
return,1,ENTG,A6_industry,expanding,44,0.7272727272727273,66.0,64.0,10,4,0.0,3116.1921313094467,0,0.0,,3
return,1,ENTG,A7_business,expanding,44,0.7272727272727273,72.0,70.0,10,4,0.0,3900.523916496285,0,0.0,,3
return,1,ENTG,A8_transform,expanding,44,0.7272727272727273,80.0,78.0,11,4,0.0,7646.665872342613,0,0.0,,3
return,1,ENTG,A9_interaction,expanding,44,0.5454545454545454,82.0,80.0,11,4,0.0,3309.6709177068574,0,0.0,,3
return,1,ENTG,P1_financial,expanding,44,0.7272727272727273,22.0,22.0,5,1,0.0,219.84840986306506,0,0.0,,2
return,1,ENTG,P2_valuation,expanding,44,0.45454545454545453,32.0,32.0,10,2,0.31444179619039114,1005.7085663979942,0,38.0,,3
return,1,ENTG,P3_transform,expanding,44,0.2727272727272727,40.0,40.0,11,2,9.214240899158707,1636.5786154778634,0,50.0,,3
return,1,ENTG,P4_market,expanding,44,0.5454545454545454,69.0,67.0,11,4,0.0,2052.402300614264,0,0.0,,3
return,1,ENTG,P5_industry,expanding,44,0.5454545454545454,74.0,72.0,11,4,0.0,2459.43846026703,0,0.0,,3
return,1,ENTG,P6_business,expanding,44,0.7272727272727273,80.0,78.0,11,4,0.0,7646.665872342613,0,0.0,,3
return,1,ENTG,ar1,expanding,44,0.0,1.0,1.0,0,0,1.0,1.0,1,1.0,,1
return,1,ENTG,arx,expanding,44,0.0,7.0,7.0,0,0,7.0,2.911906891658692,7,7.0,,1
return,1,ENTG,boost_full,expanding,44,1.0,80.0,78.0,0,4,0.0,,0,0.0,,3
return,1,ENTG,claims_proxy_sensitivity,expanding,44,0.5454545454545454,83.0,81.0,14,4,0.0,3678.414467487359,0,0.0,,3
return,1,ENTG,core_financial_changes,expanding,44,0.18181818181818182,6.0,6.0,0,0,2.7684216513387607,2.4562333892557877,0,6.0,,1
return,1,ENTG,core_ols,expanding,44,0.0,6.0,6.0,0,0,6.0,1.5913305917910896,6,6.0,,1
return,1,ENTG,core_ols_financial_ext,expanding,44,0.0,8.0,8.0,1,0,9.0,9.982331470030026,9,9.0,,1
return,1,ENTG,core_pe_difference,expanding,44,0.18181818181818182,6.0,6.0,1,0,5.999174768009782,7.7910944134550935,0,7.0,,1
return,1,ENTG,core_pe_lag1,expanding,44,0.45454545454545453,6.0,6.0,1,0,2.9616584575951013,7.925250093103006,0,6.0,,1
return,1,ENTG,core_pe_level,expanding,44,0.45454545454545453,6.0,6.0,1,0,2.7374470491496137,8.141191282768869,0,6.0,,1
return,1,ENTG,core_pe_percentage,expanding,44,0.18181818181818182,6.0,6.0,1,0,6.99529327975587,8.033834795383001,0,7.0,,1
return,1,ENTG,core_ridge,expanding,44,0.0,6.0,6.0,0,0,2.8093999233197535,1.5913305917910896,6,6.0,,1
return,1,ENTG,core_ridge_financial_ext,expanding,44,0.2727272727272727,8.0,8.0,1,0,3.6395748836000528,9.913251241487181,0,9.0,,1
return,1,ENTG,distributed_all_lag1,expanding,44,0.2727272727272727,12.0,12.0,2,0,4.783940669262869,12.802776013794915,0,14.0,,1
return,1,ENTG,distributed_all_lag3,expanding,44,0.2727272727272727,18.0,18.0,2,0,1.4723712074796496,16.457710768802738,0,20.0,,1
return,1,ENTG,distributed_lag1,expanding,44,0.2727272727272727,10.0,10.0,0,0,4.067899861559166,9.801297855062998,0,10.0,,1
return,1,ENTG,distributed_lag3,expanding,44,0.2727272727272727,16.0,16.0,0,0,1.3357171947380269,15.082574027709233,0,16.0,,1
return,1,ENTG,elastic_full,expanding,44,0.45454545454545453,80.0,78.0,11,4,10.0,5275.425707530473,0,10.0,,3
return,1,ENTG,financial_only,expanding,44,0.7272727272727273,22.0,22.0,5,1,0.0,219.84840986306506,0,0.0,,2
return,1,ENTG,financial_valuation,expanding,44,0.45454545454545453,32.0,32.0,10,2,0.31444179619039114,1005.7085663979942,0,38.0,,3
return,1,ENTG,forest_full,expanding,44,1.0,80.0,78.0,0,4,0.0,,0,0.0,,3
return,1,ENTG,lasso_full,expanding,44,0.45454545454545453,80.0,78.0,11,4,6.5,5275.425707530473,0,6.5,,3
return,1,ENTG,ridge_full,expanding,44,0.7272727272727273,80.0,78.0,11,4,0.0,7646.665872342613,0,0.0,,3
return,1,ENTG,ridge_rolling84,rolling84,44,0.5454545454545454,80.0,78.0,11,4,0.0,11237.36226037623,0,0.0,,2
return,1,ENTG,without_business,expanding,44,0.5454545454545454,74.0,72.0,11,4,0.0,2459.43846026703,0,0.0,,3
return,1,ENTG,without_equity_inputs,expanding,44,0.7272727272727273,76.0,74.0,10,4,0.0,5515.8415472049155,0,0.0,,3
return,1,ENTG,without_financial,expanding,44,0.5454545454545454,54.0,52.0,6,3,0.0,740.9459156308291,0,0.0,,2
return,1,ENTG,without_industry,expanding,44,0.5454545454545454,75.0,73.0,11,4,0.0,2187.8734595139185,0,0.0,,3
return,1,ENTG,without_market,expanding,44,0.45454545454545453,63.0,63.0,11,2,14.757879007028533,2568.7639034113345,0,69.0,,3
return,1,ENTG,without_momentum,expanding,44,0.2727272727272727,74.0,72.0,11,4,16.072371836392406,3498.99383295972,0,82.0,,3
return,1,ENTG,without_risk,expanding,44,0.45454545454545453,70.0,68.0,11,4,4.635307456665535,2714.0975200694093,0,74.0,,3
return,1,ENTG,without_valuation,expanding,44,0.7272727272727273,66.0,64.0,5,3,0.0,1197.2902434820667,0,0.0,,2
return,1,MTRN,A1_market,expanding,44,0.8181818181818182,14.0,12.0,0,2,0.0,184.81282683266966,0,0.0,,1
return,1,MTRN,A2_financial,expanding,44,1.0,36.0,30.0,0,6,0.0,,0,0.0,,1
return,1,MTRN,A3_valuation,expanding,44,0.8181818181818182,46.0,40.0,6,6,0.0,379.56450852285343,0,0.0,,1
return,1,MTRN,A4_momentum,expanding,44,0.5454545454545454,52.0,46.0,6,6,0.0,411.85126804487555,0,0.0,,1
return,1,MTRN,A5_risk,expanding,44,0.2727272727272727,62.0,56.0,6,6,0.5330312792345487,460.66930579489184,0,62.0,,1
return,1,MTRN,A6_industry,expanding,44,0.5454545454545454,66.0,60.0,6,6,0.0,466.7463971875793,0,0.0,,1
return,1,MTRN,A7_business,expanding,44,0.5454545454545454,72.0,66.0,6,6,0.0,497.94895977224735,0,0.0,,1
return,1,MTRN,A8_transform,expanding,44,0.5454545454545454,80.0,74.0,6,6,0.0,554.7387623506377,0,0.0,,1
return,1,MTRN,A9_interaction,expanding,44,0.5454545454545454,82.0,76.0,6,6,0.0,577.4166206145552,0,0.0,,1
return,1,MTRN,P1_financial,expanding,44,1.0,22.0,18.0,0,4,0.0,,0,0.0,,1
return,1,MTRN,P2_valuation,expanding,44,0.5454545454545454,32.0,28.0,6,4,0.0,130.3536345830701,0,0.0,,1
return,1,MTRN,P3_transform,expanding,44,0.5454545454545454,40.0,36.0,6,4,0.0,175.53362318297042,0,0.0,,1
return,1,MTRN,P4_market,expanding,44,0.5454545454545454,69.0,63.0,6,6,0.0,476.7908741864312,0,0.0,,1
return,1,MTRN,P5_industry,expanding,44,0.5454545454545454,74.0,68.0,6,6,0.0,500.095202324169,0,0.0,,1
return,1,MTRN,P6_business,expanding,44,0.5454545454545454,80.0,74.0,6,6,0.0,554.7387623506377,0,0.0,,1
return,1,MTRN,ar1,expanding,44,0.0,1.0,1.0,0,0,1.0,1.0,1,1.0,,1
return,1,MTRN,arx,expanding,44,0.0,7.0,7.0,0,0,7.0,2.147821630070034,7,7.0,,1
return,1,MTRN,boost_full,expanding,44,1.0,80.0,74.0,0,6,0.0,,0,0.0,,1
return,1,MTRN,claims_proxy_sensitivity,expanding,44,0.5454545454545454,83.0,74.0,6,9,0.0,554.7387623506377,0,0.0,,1
return,1,MTRN,core_financial_changes,expanding,44,0.2727272727272727,6.0,6.0,0,0,5.3295635571580116,2.3896074159832925,0,6.0,,1
return,1,MTRN,core_ols,expanding,44,0.0,6.0,6.0,0,0,6.0,1.9319264941746048,6,6.0,,1
return,1,MTRN,core_ols_financial_ext,expanding,44,0.0,8.0,7.0,0,1,7.0,3.2055979031881736,7,7.0,,1
return,1,MTRN,core_pe_difference,expanding,44,0.5454545454545454,6.0,6.0,0,0,0.0,1.723220576342527,0,0.0,,1
return,1,MTRN,core_pe_lag1,expanding,44,0.5454545454545454,6.0,6.0,0,0,0.0,1.7065091412607352,0,0.0,,1
return,1,MTRN,core_pe_level,expanding,44,0.5454545454545454,6.0,6.0,0,0,0.0,1.7150907255979453,0,0.0,,1
return,1,MTRN,core_pe_percentage,expanding,44,0.5454545454545454,6.0,6.0,0,0,0.0,1.7781657207957846,0,0.0,,1
return,1,MTRN,core_ridge,expanding,44,0.5454545454545454,6.0,6.0,0,0,0.0,1.8871265549917264,0,0.0,,1
return,1,MTRN,core_ridge_financial_ext,expanding,44,0.5454545454545454,8.0,7.0,0,1,0.0,2.854449643370688,0,0.0,,1
return,1,MTRN,distributed_all_lag1,expanding,44,0.5454545454545454,12.0,12.0,2,0,0.0,14.693896324848817,0,0.0,,1
return,1,MTRN,distributed_all_lag3,expanding,44,0.5454545454545454,18.0,18.0,2,0,0.0,17.92969892177549,0,0.0,,1
return,1,MTRN,distributed_lag1,expanding,44,0.5454545454545454,10.0,10.0,0,0,0.0,11.926929531986755,0,0.0,,1
return,1,MTRN,distributed_lag3,expanding,44,0.5454545454545454,16.0,16.0,0,0,0.0,16.001504552941483,0,0.0,,1
return,1,MTRN,elastic_full,expanding,44,0.0,80.0,74.0,6,6,2.0,651.0922852206014,75,2.0,,1
return,1,MTRN,financial_only,expanding,44,1.0,22.0,18.0,0,4,0.0,,0,0.0,,1
return,1,MTRN,financial_valuation,expanding,44,0.5454545454545454,32.0,28.0,6,4,0.0,130.3536345830701,0,0.0,,1
return,1,MTRN,forest_full,expanding,44,1.0,80.0,74.0,0,6,0.0,,0,0.0,,1
return,1,MTRN,lasso_full,expanding,44,0.5454545454545454,80.0,74.0,6,6,0.0,854.4983864539422,0,0.0,,1
return,1,MTRN,mine_inclusive_fcf,expanding,44,0.5454545454545454,82.0,74.0,6,8,0.0,554.7387623506377,0,0.0,,1
return,1,MTRN,ridge_full,expanding,44,0.5454545454545454,80.0,74.0,6,6,0.0,554.7387623506377,0,0.0,,1
return,1,MTRN,ridge_rolling84,rolling84,44,0.5454545454545454,80.0,74.0,3,6,0.0,2782.409580454124,0,0.0,,2
return,1,MTRN,without_business,expanding,44,0.5454545454545454,74.0,68.0,6,6,0.0,500.095202324169,0,0.0,,1
return,1,MTRN,without_financial,expanding,44,0.0,54.0,52.0,4,2,0.49995167544563013,366.69511291347817,52,56.0,,1
return,1,MTRN,without_industry,expanding,44,0.5454545454545454,75.0,69.0,6,6,0.0,520.0463449803342,0,0.0,,1
return,1,MTRN,without_market,expanding,44,0.2727272727272727,63.0,59.0,6,4,0.5626811500953859,337.156315976017,0,65.0,,1
return,1,MTRN,without_momentum,expanding,44,0.5454545454545454,74.0,68.0,6,6,0.0,506.7890362826662,0,0.0,,1
return,1,MTRN,without_risk,expanding,44,0.5454545454545454,70.0,64.0,6,6,0.0,501.3280741413768,0,0.0,,1
return,1,MTRN,without_valuation,expanding,44,1.0,66.0,60.0,0,6,0.0,,0,0.0,,1
return,1,MTRN+ENTG,business_pair_ridge,expanding,44,0.5454545454545454,83.0,78.0,13,3,0.0,1155.6336282612301,0,0.0,,1
return,1,pooled,panel_company_effects,expanding,44,0.0,9.0,9.0,2,0,11.0,23.88347317677293,10,11.0,,1
return,1,pooled,pooled_boost,expanding,44,0.8181818181818182,83.0,77.0,22,6,0.0,485.0152296690858,0,0.0,120.0,2
return,1,pooled,pooled_forest,expanding,44,0.8181818181818182,83.0,77.0,22,6,0.0,485.0152296690858,0,0.0,887.0,2
return,1,pooled,pooled_ridge,expanding,44,0.5454545454545454,83.0,77.0,22,6,0.0,461.826890252874,0,0.0,,2
return,3,ATI,boost_full,expanding,38,1.0,80.0,72.0,0,8,0.0,,0,0.0,,2
return,3,ATI,core_ols,expanding,38,0.0,6.0,6.0,0,0,6.0,7.4389043163310475,6,6.0,,1
return,3,ATI,forest_full,expanding,38,0.6842105263157895,80.0,72.0,5,8,0.0,3489.7441552264363,0,0.0,363.0,2
return,3,ATI,ridge_full,expanding,38,1.0,80.0,72.0,0,8,0.0,,0,0.0,,2
return,3,CRS,boost_full,expanding,38,0.21052631578947367,80.0,73.0,16,8,0.0,2451.437628450828,0,0.0,120.0,2
return,3,CRS,core_ols,expanding,38,0.0,6.0,6.0,2,0,8.0,10.840053398790989,7,8.0,,1
return,3,CRS,forest_full,expanding,38,0.21052631578947367,80.0,73.0,16,8,0.0,2451.437628450828,0,0.0,393.0,2
return,3,CRS,ridge_full,expanding,38,0.6842105263157895,80.0,73.0,16,8,0.0,2883.8520821435213,0,0.0,,2
return,3,ENTG,boost_full,expanding,38,0.47368421052631576,80.0,78.0,11,4,0.0,5544.972034500191,0,0.0,120.0,3
return,3,ENTG,core_ols,expanding,38,0.0,6.0,6.0,0,0,6.0,1.5879055728825082,6,6.0,,1
return,3,ENTG,forest_full,expanding,38,0.47368421052631576,80.0,78.0,11,4,0.0,5544.972034500191,0,0.0,396.5,3
return,3,ENTG,ridge_full,expanding,38,0.47368421052631576,80.0,78.0,11,4,4.876603380883587,5544.972034500191,0,85.5,,3
return,3,MTRN,boost_full,expanding,38,0.5263157894736842,80.0,74.0,6,6,0.0,597.1885312502086,0,0.0,355.5,1
return,3,MTRN,core_ols,expanding,38,0.0,6.0,6.0,0,0,6.0,1.9348737876014632,6,6.0,,1
return,3,MTRN,forest_full,expanding,38,0.8421052631578947,80.0,74.0,6,6,0.0,538.4245773821582,0,0.0,393.0,1
return,3,MTRN,ridge_full,expanding,38,0.5263157894736842,80.0,74.0,6,6,0.0,597.1885312502086,0,0.0,,1
variance,1,ATI,variance_boost,expanding,44,0.0,80.0,72.0,5,8,,3481.597830128843,73,0.0,120.0,2
variance,1,ATI,variance_forest,expanding,44,0.0,80.0,72.0,5,8,,3481.597830128843,73,0.0,348.5,2
variance,1,ATI,variance_ridge,expanding,44,0.0,80.0,72.0,5,8,4.571851421756962,3481.597830128843,73,76.0,,2
variance,1,ATI,variance_ridge_external,expanding,44,0.0,8.0,8.0,0,0,6.236550226964692,5.856754244967368,8,8.0,,1
variance,1,ATI,variance_ridge_market,expanding,44,0.0,6.0,6.0,0,0,5.99809712159022,4.756003478902402,6,6.0,,1
variance,1,ATI,variance_ridge_persistence,expanding,44,0.0,3.0,3.0,0,0,2.999037891556026,3.9980432094578804,3,3.0,,1
variance,1,CRS,variance_boost,expanding,44,0.2727272727272727,80.0,73.0,16,8,0.0,2210.9833754106103,0,0.0,120.0,2
variance,1,CRS,variance_forest,expanding,44,0.45454545454545453,80.0,73.0,16,8,0.0,2490.8641720889177,0,0.0,360.5,2
variance,1,CRS,variance_ridge,expanding,44,0.2727272727272727,80.0,73.0,16,8,4.580874917616976,2210.9833754106103,0,89.0,,2
variance,1,CRS,variance_ridge_external,expanding,44,0.0,8.0,8.0,0,0,6.066818950903949,6.659347986387571,8,8.0,,1
variance,1,CRS,variance_ridge_market,expanding,44,0.0,6.0,6.0,0,0,2.211973103481247,5.712156805227208,6,6.0,,1
variance,1,CRS,variance_ridge_persistence,expanding,44,0.0,3.0,3.0,0,0,1.1009009189150418,4.492811906289267,3,3.0,,1
variance,1,CRS+ATI,business_pair_ridge,expanding,44,0.0,83.0,74.0,17,8,4.929238056591719,903.5150407373737,81,90.0,,2
variance,1,ENTG,variance_boost,expanding,44,0.0,80.0,78.0,11,4,,3937.9925386453174,77,0.0,359.5,3
variance,1,ENTG,variance_forest,expanding,44,0.0,80.0,78.0,11,4,,3937.9925386453174,77,0.0,417.5,3
variance,1,ENTG,variance_ridge,expanding,44,0.0,80.0,78.0,11,4,5.118525240024317,3937.9925386453174,77,89.0,,3
variance,1,ENTG,variance_ridge_external,expanding,44,0.0,8.0,8.0,0,0,2.842885794200165,7.169805002204936,8,8.0,,1
variance,1,ENTG,variance_ridge_market,expanding,44,0.0,6.0,6.0,0,0,2.283032481162847,5.246071718021178,6,6.0,,1
variance,1,ENTG,variance_ridge_persistence,expanding,44,0.0,3.0,3.0,0,0,2.461865420428188,3.4308861281623555,3,3.0,,1
variance,1,MTRN,variance_boost,expanding,44,0.18181818181818182,80.0,74.0,6,6,0.0,672.2865064025301,0,0.0,336.0,1
variance,1,MTRN,variance_forest,expanding,44,0.0,80.0,74.0,6,6,,651.0922852206014,75,0.0,357.0,1
variance,1,MTRN,variance_ridge,expanding,44,0.18181818181818182,80.0,74.0,6,6,4.8902217459160084,672.2865064025301,0,80.0,,1
variance,1,MTRN,variance_ridge_external,expanding,44,0.0,8.0,8.0,0,0,3.119233248550386,6.4945787727433535,8,8.0,,1
variance,1,MTRN,variance_ridge_market,expanding,44,0.0,6.0,6.0,0,0,2.449679782710316,4.785463331497377,6,6.0,,1
variance,1,MTRN,variance_ridge_persistence,expanding,44,0.7272727272727273,3.0,3.0,0,0,0.0,2.4352712713006133,0,0.0,,1
variance,1,MTRN+ENTG,business_pair_ridge,expanding,44,0.0,83.0,78.0,13,3,20.628861883826815,1280.1089040416346,83,91.0,,1
variance,1,pooled,panel_company_effects,expanding,44,0.0,9.0,9.0,2,0,11.0,23.88347317677293,10,11.0,,1
variance,1,pooled,pooled_boost,expanding,44,0.5454545454545454,83.0,77.0,22,6,0.0,475.4803073605576,0,0.0,120.0,2
variance,1,pooled,pooled_forest,expanding,44,0.0,83.0,77.0,22,6,,474.0118305723867,91,0.0,1023.5,2
variance,1,pooled,pooled_ridge,expanding,44,0.0,83.0,77.0,22,6,5.409300579021503,474.0118305723867,91,98.0,,2
variance,1,pooled,pooled_variance_external,expanding,44,0.0,11.0,11.0,0,0,4.2774046068066465,6.673910574267788,11,11.0,,1
variance,1,pooled,pooled_variance_persistence,expanding,44,0.0,6.0,6.0,0,0,2.45460826859769,4.0411505445153715,6,6.0,,1
