task,horizon,ticker,model,n,rmse,mae,r2_oos,bias,forecast_correlation,fallback_count,start,end,directional_accuracy,always_up_accuracy,benchmark_directional_accuracy,zero_forecasts,qlike,root_variance_rmse,root_variance_mae,root_variance_correlation
variance,1,ATI,arch1,44,0.0008083450625722,0.0006797304549315,-0.7747294189177889,0.0004640014594173,-0.2553935987771651,0,2023-01-31,2026-08-31,,,,,0.3878267377875711,0.0138510908031697,0.0119379403020993,-0.2701432800687058
variance,1,ATI,business_pair_ridge,44,0.0005966506082242,0.0004452699913132,0.0331062701450308,0.0001340033349489,-0.0018184770683899,0,2023-01-31,2026-08-31,,,,,0.2778434195687498,0.0101641747861345,0.0083909777298884,-0.0357346361674805
variance,1,ATI,ewma94,44,0.0007130653571137,0.0004622593591499,-0.3810113369226378,1.4767623420604542e-05,-0.035328912571645,0,2023-01-31,2026-08-31,,,,,0.3662939546307844,0.011577245048624,0.0084327277469671,-0.0424746876585768
variance,1,ATI,garch11,44,0.000715246753585,0.0005119414666673,-0.3894737903858412,0.0002655019013909,-0.1899930315975826,0,2023-01-31,2026-08-31,,,,,0.311119344897146,0.0119482798666035,0.0093057488008624,-0.2405405009255181
variance,1,ATI,garchx_business,44,0.0006064636912868,0.0004098481261157,0.0010398165122996,0.0001357781906958,0.0526086043327092,0,2023-01-31,2026-08-31,,,,,0.2629312354045469,0.0101407307448196,0.0076482604376335,0.028346330232621
variance,1,ATI,garchx_industry,44,0.0005709409441825,0.0003829825292199,0.1146378606063597,6.22501846440591e-05,0.1783192559491962,0,2023-01-31,2026-08-31,,,,,0.2391549102339417,0.0092110661481254,0.0071880381082684,0.1792054567504846
variance,1,ATI,garchx_market,44,0.0005951627287006,0.0004099508375577,0.0379225817448971,0.0001004166708476,0.0907057156874288,0,2023-01-31,2026-08-31,,,,,0.2556867845768776,0.0098694878824514,0.0076427003141598,0.0514398120208035
variance,1,ATI,historical_variance252,44,0.0005811527329695,0.0003737345344693,0.0826836432254869,4.879289582103183e-05,-0.0513320783334908,0,2023-01-31,2026-08-31,,,,,0.2698950859076769,0.0096372067342749,0.0071339375250077,-0.0538028110642936
variance,1,ATI,historical_variance63,44,0.0006067792428751,0.0003850320195674,0.0,2.850803118200911e-05,0.1248591933800731,0,2023-01-31,2026-08-31,,,,,0.2960573477040436,0.0100048382873956,0.0072914855816481,0.1074585521374331
variance,1,ATI,pooled_ridge,44,0.0005447286093463,0.0004000242371669,0.1940669999838311,0.0001228102695205,0.259303573649736,0,2023-01-31,2026-08-31,,,,,0.2397738787632803,0.0092630895551344,0.0075936945330868,0.2280302234433968
variance,1,ATI,pooled_variance_external,44,0.0005685967466431,0.0003991245860653,0.1218932624088129,0.0001419165985125,0.1415237438106484,0,2023-01-31,2026-08-31,,,,,0.2476925454423868,0.0096277993946042,0.0075573333449166,0.1322306388454558
variance,1,ATI,pooled_variance_persistence,44,0.0005874632054868,0.0004128063702733,0.0626540442788574,0.0001808771748546,0.0090608692646006,0,2023-01-31,2026-08-31,,,,,0.2661830108734453,0.0100872643073995,0.0078379901762536,-0.0026795543085119
variance,1,ATI,variance_boost,44,0.0005475398675869,0.0003526193095689,0.1857269489134906,-1.3432832407159037e-06,0.0375777616218261,0,2023-01-31,2026-08-31,,,,,0.2361663191390761,0.0087986137248405,0.0067822049208791,0.0624663476801621
variance,1,ATI,variance_forest,44,0.0005567277746665,0.0003425293929467,0.1581701029012323,-3.942616492197273e-05,0.000317313437853,0,2023-01-31,2026-08-31,,,,,0.2518048220584861,0.0088753264247391,0.0065786623278001,0.0186637537388518
variance,1,ATI,variance_ridge,44,0.000547930467416,0.0003774376702025,0.1845647746893293,3.859788390171136e-05,0.1550689260578215,0,2023-01-31,2026-08-31,,,,,0.2593118527819437,0.0090948870982496,0.0072399229437028,0.1287402652569325
variance,1,ATI,variance_ridge_external,44,0.0005734971308244,0.0003979442886124,0.1066923204348733,7.477002359173863e-05,0.0555996429000674,0,2023-01-31,2026-08-31,,,,,0.251851265511686,0.0095646029476375,0.0075211932479576,0.0524993429234997
variance,1,ATI,variance_ridge_persistence,44,0.0006022577876626,0.000428256041389,0.0148476049759946,0.0001796274508049,-4.799379773601856e-05,0,2023-01-31,2026-08-31,,,,,0.2731384135719771,0.0103001062480355,0.0080615838289475,-0.0234888487978449
variance,1,CRS,arch1,44,0.000649284033167,0.0005156509457679,-0.0447972876214188,0.0002995522227205,-0.1626516946977063,0,2023-01-31,2026-08-31,,,,,0.2150595168419267,0.0103842120107755,0.0085884797134016,-0.1467302506779116
variance,1,CRS,business_pair_ridge,44,0.0005677737244037,0.0004013057564467,0.2010618293589282,4.619352083442953e-05,0.0107570044614835,0,2023-01-31,2026-08-31,,,,,0.1706684897175179,0.0087752999436997,0.0068264546619543,-0.0157887615152686
variance,1,CRS,ewma94,44,0.0006902549354135,0.000470933531599,-0.1808143748991888,3.323392799247744e-06,-0.0371949649486331,0,2023-01-31,2026-08-31,,,,,0.2382937132614532,0.0103842099450232,0.0078371301758369,-0.0281702275552449
variance,1,CRS,garch11,44,0.0005741342310479,0.0004072836351027,0.1830612949208766,0.000118414772628,0.0091129242733597,0,2023-01-31,2026-08-31,,,,,0.1688988212761536,0.0088885426919246,0.0068567507455688,0.0170738904971982
variance,1,CRS,garchx_business,44,0.0006871697075591,0.0004152515683484,-0.1702822092149636,8.740536025245454e-05,0.0163947058355767,0,2023-01-31,2026-08-31,,,,,0.1795091889091617,0.0097692753021307,0.0067229958452204,0.057926070777474
variance,1,CRS,garchx_industry,44,0.0006057012202236,0.0003768169357596,0.0907580023285069,1.2522184949477528e-06,0.0060732218313898,0,2023-01-31,2026-08-31,,,,,0.1685121325903212,0.0089359223753056,0.0062753132602572,0.0212245950613709
variance,1,CRS,garchx_market,44,0.0005618179836349,0.0003584903758273,0.2177350643949033,1.56930595443591e-05,0.077250495558098,0,2023-01-31,2026-08-31,,,,,0.1516984753714217,0.0084195279143984,0.0060387090297437,0.0888900839821837
variance,1,CRS,historical_variance252,44,0.0005550570392146,0.0003756033735088,0.2364494052298513,2.2704116395618192e-05,-0.0035860663508045,0,2023-01-31,2026-08-31,,,,,0.1713548284433857,0.0085233831119392,0.006434394298521,-0.0208961290727687
variance,1,CRS,historical_variance63,44,0.000635212016006,0.0004259155972186,0.0,1.0809424605579556e-05,-0.0994946452222772,0,2023-01-31,2026-08-31,,,,,0.2212561177488044,0.0098455288809802,0.007195751245571,-0.1096405876438207
variance,1,CRS,pooled_ridge,44,0.0005489450977822,0.0003835143931451,0.2531723089098745,-1.59668277921591e-06,0.1028180955652791,0,2023-01-31,2026-08-31,,,,,0.1585365628133726,0.0083525190043901,0.0065217255595615,0.0776127254993904
variance,1,CRS,pooled_variance_external,44,0.0005560675605392,0.0003572776776614,0.2336666767312488,2.337709953413641e-06,0.0281988663601565,0,2023-01-31,2026-08-31,,,,,0.1587366797083562,0.0083651242324241,0.0060571747641127,0.0347812392388423
variance,1,CRS,pooled_variance_persistence,44,0.0005533677029412,0.0003766177397838,0.2410901203497994,5.633962494232502e-05,-0.050626398304891,0,2023-01-31,2026-08-31,,,,,0.1628597624934867,0.0084964864379856,0.006424151800515,-0.0694504654454735
variance,1,CRS,variance_boost,44,0.0005747017278088,0.0004059522172596,0.1814455083361794,-1.3493598769215904e-05,-0.0064025843886739,0,2023-01-31,2026-08-31,,,,,0.1886397197614987,0.0088111950941844,0.0069320691422513,-0.0232900660954779
variance,1,CRS,variance_forest,44,0.0005556417410561,0.0003873128684795,0.2348398964617468,1.6136782388384076e-05,0.0550415641950553,0,2023-01-31,2026-08-31,,,,,0.1736111174020722,0.0085617275038831,0.0066355753515302,0.0439260944379142
variance,1,CRS,variance_ridge,44,0.000555587956107,0.0003868738138981,0.2349880210622915,2.2873320998075007e-05,-0.023896613174667,0,2023-01-31,2026-08-31,,,,,0.1681093717384605,0.0085077385209643,0.0066183629473425,-0.0385819389305878
variance,1,CRS,variance_ridge_external,44,0.0005380911987836,0.0003504620063445,0.2824133217725886,-4.448072000431361e-05,0.1995790203403151,0,2023-01-31,2026-08-31,,,,,0.1552003020500639,0.0080377587687148,0.0059636220453853,0.2035893917565206
variance,1,CRS,variance_ridge_persistence,44,0.0005692824998807,0.0004003955973151,0.1968100653940512,9.340891129569771e-05,-0.0898559416336242,0,2023-01-31,2026-08-31,,,,,0.1719502281570069,0.0088448650570456,0.0068147529090263,-0.1176964595213283
variance,1,ENTG,arch1,44,0.001159002718727,0.0006099343007385,0.0866835967646498,-0.0002822627119732,0.3431529906150777,0,2023-01-31,2026-08-31,,,,,0.2810379219948229,0.0123650603970476,0.0082749518458069,0.4353746359524117
variance,1,ENTG,business_pair_ridge,44,0.0011190881262222,0.0005437701366024,0.1485073101252735,-0.0002927709266939,0.3392891129795635,0,2023-01-31,2026-08-31,,,,,0.2264612329647304,0.0115613194986323,0.007010539825287,0.4641996211733865
variance,1,ENTG,ewma94,44,0.0012178374920771,0.0006427035502756,-0.008395800327962,-0.0001161105914471,0.2548607875726552,0,2023-01-31,2026-08-31,,,,,0.3016772211026668,0.0129678770508206,0.0083734768695647,0.3814805452868207
variance,1,ENTG,garch11,44,0.0011475874868222,0.0005640714555648,0.1045858431764998,-0.0001363567590265,0.2641400057431484,0,2023-01-31,2026-08-31,,,,,0.2574661240136913,0.0120790443500611,0.0073724918974448,0.3859717688307333
variance,1,ENTG,garchx_business,44,0.0012258002172152,0.0005909953839595,-0.0216255276003269,-0.0002617124979534,0.2095749466916747,0,2023-01-31,2026-08-31,,,,,0.3267363260293408,0.0129871398646835,0.0076678587098921,0.328281664740272
variance,1,ENTG,garchx_industry,44,0.0012344674142615,0.0005777772301204,-0.0361237037275576,-0.0003544349009546,0.2496231843355238,0,2023-01-31,2026-08-31,,,,,0.3289572535064711,0.0130624023911028,0.0074605403351317,0.381871085592496
variance,1,ENTG,garchx_market,44,0.0012327294709546,0.0005913072741794,-0.0332083466082362,-0.0003764892290634,0.235805717953184,0,2023-01-31,2026-08-31,,,,,0.320419178419887,0.0130218025998615,0.0075868555121759,0.3783999980476918
variance,1,ENTG,historical_variance252,44,0.0011539426894665,0.0006178097600304,0.0946409888725097,-8.849024085916588e-05,0.1551884124179796,0,2023-01-31,2026-08-31,,,,,0.300917920159154,0.0126358933234783,0.0083532730175696,0.2437711104613671
variance,1,ENTG,historical_variance63,44,0.0012127571000485,0.0006687672413401,0.0,-3.827892775972271e-05,0.2185897960997399,0,2023-01-31,2026-08-31,,,,,0.3155439066983004,0.0130651912191509,0.0087009397310734,0.3484600306986652
variance,1,ENTG,pooled_ridge,44,0.0011004396852748,0.0005996790288865,0.1766493432031659,-0.0001946026120269,0.3319869681424384,0,2023-01-31,2026-08-31,,,,,0.2078251010640311,0.0115278663483628,0.0079110992985006,0.426436499066277
variance,1,ENTG,pooled_variance_external,44,0.0011827132195673,0.0005734482885066,0.0489326986783285,-0.0003621975101786,0.1963163700290655,0,2023-01-31,2026-08-31,,,,,0.3015054312322705,0.0125178720867156,0.0075001411149854,0.3265414921021998
variance,1,ENTG,pooled_variance_persistence,44,0.0011893024816892,0.0006194822876345,0.0383057962787398,-0.0002771323831488,0.0410270790291418,0,2023-01-31,2026-08-31,,,,,0.3174080446587671,0.01277484022273,0.0083443619356295,0.1449316180198897
variance,1,ENTG,variance_boost,44,0.0011906202294238,0.0005887321913864,0.0361735003389079,-0.0003776800413279,0.1949836971430968,0,2023-01-31,2026-08-31,,,,,0.339453080410382,0.0127869570107839,0.0077619500739816,0.3030769336776142
variance,1,ENTG,variance_forest,44,0.0011439438725608,0.0005444283551694,0.1102627340570607,-0.0003313574046793,0.3081494527993856,0,2023-01-31,2026-08-31,,,,,0.2661776347870372,0.0119355432524849,0.0070558304066004,0.4250586954494291
variance,1,ENTG,variance_ridge,44,0.0011198947703665,0.0005391497039998,0.1472793476098095,-0.0002938081199423,0.3403535678563352,0,2023-01-31,2026-08-31,,,,,0.236802714802264,0.0116293631223484,0.0070272468809695,0.4536458245799018
variance,1,ENTG,variance_ridge_external,44,0.0011556631037958,0.0005169237355721,0.0919393751124439,-0.0004101758532118,0.3714594323036909,0,2023-01-31,2026-08-31,,,,,0.303792181494989,0.0121074893001423,0.00670456149948,0.4907022205532535
variance,1,ENTG,variance_ridge_persistence,44,0.0011229503279842,0.0005312506997185,0.142619817677821,-0.0001730063966417,0.2876926399081513,0,2023-01-31,2026-08-31,,,,,0.2662829875565268,0.0118330473144713,0.0070515872911797,0.3919582805292698
variance,1,MTRN,arch1,44,0.0010189846462608,0.0005454157546177,-0.2398115885801051,-0.0001505755212636,-0.1090885429016775,0,2023-01-31,2026-08-31,,,,,0.378088992078764,0.0123247171198125,0.0088994012430078,-0.1635463123420875
variance,1,MTRN,business_pair_ridge,44,0.0009227511598675,0.0004854845728853,-0.016692478005073,-0.0002116525059529,0.5786017325629311,0,2023-01-31,2026-08-31,,,,,0.293794537176736,0.010954659690092,0.0077620120866628,0.4773930181758912
variance,1,MTRN,ewma94,44,0.0009126926328794,0.0005661919305781,0.0053518003349705,-0.0001646447613804,0.4446092913046571,0,2023-01-31,2026-08-31,,,,,0.473686284731311,0.0125076583254908,0.0094212374033556,0.282018196025297
variance,1,MTRN,garch11,44,0.0010181444735312,0.0005298640986213,-0.2377679337369949,-0.0001922308179304,0.0261526087678398,0,2023-01-31,2026-08-31,,,,,0.3782361332051877,0.0122014593285795,0.0086117794422187,-0.0566692884090991
variance,1,MTRN,garchx_business,44,0.0009299964816576,0.0004819280135992,-0.0327210325259468,-0.0002263859004921,0.5327585731617063,0,2023-01-31,2026-08-31,,,,,0.3110719730595844,0.0110628293895634,0.0077138006042559,0.4527770230699871
variance,1,MTRN,garchx_industry,44,0.0009229558600262,0.0004742622512848,-0.0171436076370152,-0.0002254777186354,0.5677268296387858,0,2023-01-31,2026-08-31,,,,,0.2883835632953762,0.0108628410865988,0.007552902779809,0.5024170407887092
variance,1,MTRN,garchx_market,44,0.0010255673647963,0.0005102840859326,-0.2558818839751662,-0.0002764066838958,0.1594191997482121,0,2023-01-31,2026-08-31,,,,,0.3950088602781124,0.0121947637198181,0.0081591386110527,0.1854073886524389
variance,1,MTRN,historical_variance252,44,0.0009947650571359,0.0005308194177153,-0.1815754364827746,-0.0001552053346617,0.193660756352836,0,2023-01-31,2026-08-31,,,,,0.3378021995382081,0.0120535514539024,0.0085825661570533,0.1295358884324436
variance,1,MTRN,historical_variance63,44,0.0009151447540973,0.0005113276875002,0.0,-0.0001308716313129,0.4554581993024681,0,2023-01-31,2026-08-31,,,,,0.2967417914874257,0.0113102387510862,0.0082794137876702,0.3624456297059609
variance,1,MTRN,pooled_ridge,44,0.0009744248224345,0.0005536902465193,-0.1337494467960125,-0.0001182800445557,0.2740689663601772,0,2023-01-31,2026-08-31,,,,,0.3367233329113844,0.0119731795435077,0.0090684758523764,0.1716938165951393
variance,1,MTRN,pooled_variance_external,44,0.000976660940777,0.0004907958262347,-0.1389588929681655,-0.0001760108514028,0.352923663683284,0,2023-01-31,2026-08-31,,,,,0.306341447188905,0.0114399061971663,0.0078319686263433,0.3701167824406349
variance,1,MTRN,pooled_variance_persistence,44,0.0009867409166216,0.0005366778771991,-0.1625902738371132,-8.040051782571364e-05,0.2168951695363631,0,2023-01-31,2026-08-31,,,,,0.3240187365490082,0.0119622974447538,0.0087109692490559,0.1861462162322394
variance,1,MTRN,variance_boost,44,0.0010228109970781,0.0004954543240527,-0.2491402100157878,-0.0002822533932038,0.1842604667855694,0,2023-01-31,2026-08-31,,,,,0.4076823037862462,0.0121230019831416,0.007869208851438,0.2560235159915494
variance,1,MTRN,variance_forest,44,0.0009843938671252,0.0005068213393158,-0.1570662062802368,-0.0002613092481028,0.392555141052932,0,2023-01-31,2026-08-31,,,,,0.349575451515868,0.0117467186881156,0.0081259607257056,0.3206198572306024
variance,1,MTRN,variance_ridge,44,0.0010220802278528,0.0005039648416475,-0.2473558977048022,-0.0002714145512907,0.2092009901431097,0,2023-01-31,2026-08-31,,,,,0.387537523203173,0.0120798595833519,0.0080992017915206,0.2295560128012214
variance,1,MTRN,variance_ridge_external,44,0.0010128027908662,0.0005015740818797,-0.2248141351007311,-0.0002399497286167,0.2012151472637515,0,2023-01-31,2026-08-31,,,,,0.3660028838579668,0.011934781237371,0.0080186043577837,0.2407306330206294
variance,1,MTRN,variance_ridge_persistence,44,0.0010225193092844,0.0005181077385292,-0.2484278457596933,-0.0002187462393158,0.139365585762271,0,2023-01-31,2026-08-31,,,,,0.3877852263279173,0.0121815280004089,0.0083889137071405,0.022639943058782
