date,open,high,low,close,adj_close,volume
2024-10-21,14.289999961853027,20.360000610351562,14.09000015258789,20.0,20.0,13616700
2024-10-22,19.790000915527344,20.0,17.760000228881836,18.729999542236328,18.729999542236328,6443900
2024-10-23,18.0,18.43000030517578,17.100000381469727,17.15999984741211,17.15999984741211,9849800
2024-10-24,16.799999237060547,17.75,16.709999084472656,17.6299991607666,17.6299991607666,7851700
2024-10-25,17.270000457763672,19.579999923706055,17.270000457763672,19.56999969482422,19.56999969482422,6748200
2024-10-28,20.0,24.270000457763672,20.0,23.75,23.75,13233100
2024-10-29,22.899999618530273,24.5,22.5,23.649999618530273,23.649999618530273,7398100
2024-10-30,23.0,23.190000534057617,20.75,22.059999465942383,22.059999465942383,22991900
2024-10-31,22.600000381469727,22.600000381469727,20.0,21.3799991607666,21.3799991607666,4580400
2024-11-01,21.700000762939453,21.700000762939453,19.56999969482422,20.139999389648438,20.139999389648438,3981500
2024-11-04,19.6200008392334,21.719999313354492,19.209999084472656,20.75,20.75,4185000
2024-11-05,20.739999771118164,21.200000762939453,18.510000228881836,19.0,19.0,12434700
2024-11-06,19.93000030517578,19.93000030517578,17.5,19.299999237060547,19.299999237060547,4143700
2024-11-07,19.079999923706055,20.899999618530273,19.079999923706055,20.68000030517578,20.68000030517578,2570100
2024-11-08,20.979999542236328,21.0,19.5,19.920000076293945,19.920000076293945,2355700
2024-11-11,19.799999237060547,21.299999237060547,19.18000030517578,20.940000534057617,20.940000534057617,2907500
2024-11-12,20.5,20.93000030517578,19.5,19.600000381469727,19.600000381469727,2125500
2024-11-13,19.43000030517578,20.0,18.420000076293945,18.56999969482422,18.56999969482422,2088900
2024-11-14,19.0,19.0,17.510000228881836,18.09000015258789,18.09000015258789,2164500
2024-11-15,18.0,18.40999984741211,17.385000228881836,17.600000381469727,17.600000381469727,2010600
2024-11-18,17.729999542236328,18.739999771118164,17.65999984741211,18.520000457763672,18.520000457763672,1782300
2024-11-19,19.100000381469727,20.81999969482422,18.645000457763672,20.649999618530273,20.649999618530273,4774000
2024-11-20,20.530000686645508,20.75,19.459999084472656,20.579999923706055,20.579999923706055,3861700
2024-11-21,20.649999618530273,22.0,19.639999389648438,22.0,22.0,3639800
2024-11-22,21.559999465942383,23.820999145507812,21.559999465942383,23.489999771118164,23.489999771118164,4336900
2024-11-25,24.0,26.0,23.25,23.489999771118164,23.489999771118164,6115800
2024-11-26,23.15999984741211,23.600000381469727,22.0,22.1200008392334,22.1200008392334,2444200
2024-11-27,22.010000228881836,22.799999237060547,21.0,21.43000030517578,21.43000030517578,2595100
2024-11-29,22.0,22.920000076293945,21.25,21.989999771118164,21.989999771118164,2856200
2024-12-02,26.1200008392334,27.899999618530273,24.760000228881836,25.75,25.75,17142200
2024-12-03,25.799999237060547,30.0,25.43000030517578,29.329999923706055,29.329999923706055,22322100
2024-12-04,30.5,33.150001525878906,30.075000762939453,32.310001373291016,32.310001373291016,24007700
2024-12-05,33.939998626708984,34.599998474121094,30.540000915527344,31.15999984741211,31.15999984741211,10374700
2024-12-06,31.979999542236328,36.84000015258789,31.75,36.77000045776367,36.77000045776367,14708300
2024-12-09,38.56999969482422,38.689998626708984,31.530000686645508,31.959999084472656,31.959999084472656,16659000
2024-12-10,32.709999084472656,35.25,31.530000686645508,33.70000076293945,33.70000076293945,9979100
2024-12-11,34.400001525878906,34.95000076293945,31.950000762939453,32.779998779296875,32.779998779296875,6029900
2024-12-12,32.36000061035156,33.0,31.1200008392334,31.329999923706055,31.329999923706055,5684700
2024-12-13,31.6299991607666,31.700000762939453,29.950000762939453,30.75,30.75,7228800
2024-12-16,30.780000686645508,34.43000030517578,30.489999771118164,33.400001525878906,33.400001525878906,7562000
2024-12-17,33.0,33.0,29.139999389648438,29.34000015258789,29.34000015258789,7593500
2024-12-18,28.940000534057617,30.0,26.989999771118164,27.09000015258789,27.09000015258789,8765100
2024-12-19,27.739999771118164,28.15999984741211,25.979999542236328,27.049999237060547,27.049999237060547,6797700
2024-12-20,26.489999771118164,28.760000228881836,26.0,26.709999084472656,26.709999084472656,5560000
2024-12-23,27.040000915527344,28.735000610351562,25.770000457763672,28.639999389648438,28.639999389648438,5599000
2024-12-24,28.770000457763672,28.959999084472656,27.3700008392334,28.2450008392334,28.2450008392334,2971700
2024-12-26,28.299999237060547,29.389999389648438,27.31999969482422,28.059999465942383,28.059999465942383,3020800
2024-12-27,27.940000534057617,28.0,25.530000686645508,27.309999465942383,27.309999465942383,5407500
2024-12-30,26.950000762939453,27.200000762939453,25.899999618530273,26.920000076293945,26.920000076293945,3108400
2024-12-31,27.389999389648438,28.68000030517578,26.790000915527344,27.700000762939453,27.700000762939453,3810400
2025-01-02,28.1299991607666,30.579999923706055,28.1299991607666,30.510000228881836,30.510000228881836,6758900
2025-01-03,30.520000457763672,31.540000915527344,29.10300064086914,31.18000030517578,31.18000030517578,4399800
2025-01-06,31.964000701904297,33.18000030517578,30.700000762939453,31.219999313354492,31.219999313354492,5761500
2025-01-07,32.369998931884766,34.099998474121094,30.579999923706055,31.540000915527344,31.540000915527344,8432300
2025-01-08,31.350000381469727,31.739999771118164,29.579999923706055,30.739999771118164,30.739999771118164,4187100
2025-01-10,29.899999618530273,33.97999954223633,29.010000228881836,33.18000030517578,33.18000030517578,7197800
2025-01-13,32.2599983215332,36.0,31.100000381469727,35.720001220703125,35.720001220703125,11185500
2025-01-14,35.27000045776367,37.33000183105469,34.729000091552734,36.88999938964844,36.88999938964844,10025500
2025-01-15,37.529998779296875,39.380001068115234,35.58000183105469,37.02000045776367,37.02000045776367,10053300
2025-01-16,37.099998474121094,38.470001220703125,35.79999923706055,37.59000015258789,37.59000015258789,5614900
2025-01-17,38.349998474121094,38.38999938964844,35.61000061035156,36.040000915527344,36.040000915527344,4959400
2025-01-21,36.13999938964844,37.79999923706055,34.599998474121094,37.599998474121094,37.599998474121094,6532200
2025-01-22,38.400001525878906,40.959999084472656,37.900001525878906,39.52000045776367,39.52000045776367,10290100
2025-01-23,38.369998931884766,40.040000915527344,37.619998931884766,38.63999938964844,38.63999938964844,7608900
2025-01-24,39.369998931884766,43.65999984741211,39.25,41.689998626708984,41.689998626708984,14055900
2025-01-27,33.5,33.59000015258789,24.40999984741211,26.079999923706055,26.079999923706055,44540500
2025-01-28,28.200000762939453,30.239999771118164,26.700000762939453,30.09000015258789,30.09000015258789,22143800
2025-01-29,29.549999237060547,31.34000015258789,28.959999084472656,29.729999542236328,29.729999542236328,12971500
2025-01-30,31.200000762939453,33.400001525878906,30.65999984741211,31.799999237060547,31.799999237060547,11796600
2025-01-31,32.40999984741211,34.59000015258789,31.920000076293945,32.65999984741211,32.65999984741211,11608100
2025-02-03,29.972000122070312,34.130001068115234,29.600000381469727,33.310001373291016,33.310001373291016,11380000
2025-02-04,34.099998474121094,34.970001220703125,33.0099983215332,34.5,34.5,7675000
2025-02-05,34.79999923706055,35.5099983215332,33.56999969482422,33.93000030517578,33.93000030517578,6639300
2025-02-06,34.0,34.86000061035156,32.630001068115234,34.54999923706055,34.54999923706055,8747400
2025-02-07,35.34000015258789,39.5,34.90999984741211,38.130001068115234,38.130001068115234,17526600
2025-02-10,38.814998626708984,41.29999923706055,38.70000076293945,40.970001220703125,40.970001220703125,12583300
2025-02-11,40.11000061035156,42.439998626708984,39.959999084472656,41.41999816894531,41.41999816894531,9458500
2025-02-12,39.65999984741211,40.630001068115234,38.91999816894531,39.29999923706055,39.29999923706055,9121600
2025-02-13,40.189998626708984,41.83000183105469,38.68000030517578,41.70000076293945,41.70000076293945,8181300
2025-02-14,45.0,47.68000030517578,41.652000427246094,44.4900016784668,44.4900016784668,35111400
2025-02-18,47.27000045776367,50.869998931884766,46.7400016784668,48.06999969482422,48.06999969482422,28138400
2025-02-19,47.20000076293945,47.93000030517578,44.5,44.83000183105469,44.83000183105469,18331300
2025-02-20,40.040000915527344,48.630001068115234,38.5,46.25,46.25,36538300
2025-02-21,45.47999954223633,45.79999923706055,39.5,39.834999084472656,39.834999084472656,22147000
2025-02-24,37.900001525878906,38.18000030517578,34.03099822998047,36.220001220703125,36.220001220703125,21806800
2025-02-25,35.20000076293945,36.47800064086914,32.72999954223633,34.209999084472656,34.209999084472656,14779000
2025-02-26,35.97999954223633,37.91999816894531,35.130001068115234,35.97999954223633,35.97999954223633,12278900
2025-02-27,37.69499969482422,38.04999923706055,31.709999084472656,32.04999923706055,32.04999923706055,16716300
2025-02-28,30.8700008392334,33.56999969482422,30.25,32.4900016784668,32.4900016784668,11659600
2025-03-03,32.80500030517578,33.18000030517578,27.584999084472656,28.100000381469727,28.100000381469727,18060700
2025-03-04,27.5049991607666,30.920000076293945,26.209999084472656,29.610000610351562,29.610000610351562,18510300
2025-03-05,30.959999084472656,31.18000030517578,29.31999969482422,30.170000076293945,30.170000076293945,12909200
2025-03-06,27.770000457763672,28.469999313354492,26.25,26.799999237060547,26.799999237060547,17638100
2025-03-07,26.93000030517578,28.350000381469727,26.200000762939453,27.989999771118164,27.989999771118164,11067900
2025-03-10,27.350000381469727,27.579999923706055,24.860000610351562,26.209999084472656,26.209999084472656,15940200
2025-03-11,26.5049991607666,26.729999542236328,24.360000610351562,25.450000762939453,25.450000762939453,12588700
2025-03-12,26.559999465942383,28.5,25.700000762939453,28.399999618530273,28.399999618530273,19285900
2025-03-13,27.979999542236328,28.5,26.030000686645508,26.170000076293945,26.170000076293945,9164500
2025-03-14,26.90999984741211,28.809999465942383,26.850000381469727,28.75,28.75,10634600
2025-03-17,28.989999771118164,29.1299991607666,27.100000381469727,28.290000915527344,28.290000915527344,8252800
2025-03-18,27.770000457763672,28.010000228881836,25.6200008392334,25.670000076293945,25.670000076293945,9837800
2025-03-19,26.100000381469727,28.200000762939453,25.969999313354492,27.579999923706055,27.579999923706055,10194400
2025-03-20,27.0,28.3799991607666,25.950000762939453,26.174999237060547,26.174999237060547,9921200
2025-03-21,25.809999465942383,27.0,25.540000915527344,26.979999542236328,26.979999542236328,6922700
2025-03-24,27.770000457763672,29.540000915527344,27.649999618530273,29.190000534057617,29.190000534057617,10013800
2025-03-25,29.0,29.350000381469727,26.90999984741211,27.170000076293945,27.170000076293945,10464600
2025-03-26,26.6299991607666,26.700000762939453,23.84000015258789,24.709999084472656,24.709999084472656,19905300
2025-03-27,23.399999618530273,25.700000762939453,23.049999237060547,25.40999984741211,25.40999984741211,15935200
2025-03-28,24.760000228881836,25.0,21.7549991607666,22.309999465942383,22.309999465942383,24931500
2025-03-31,21.114999771118164,21.799999237060547,20.719999313354492,21.110000610351562,21.110000610351562,13795000
2025-04-01,21.65999984741211,22.75,20.6200008392334,22.690000534057617,22.690000534057617,15299500
2025-04-02,22.1299991607666,24.719999313354492,22.090999603271484,24.450000762939453,24.450000762939453,18863700
2025-04-03,21.600000381469727,23.100000381469727,21.530000686645508,21.770000457763672,21.770000457763672,11659300
2025-04-04,20.780000686645508,21.099000930786133,18.979999542236328,20.290000915527344,20.290000915527344,14053000
2025-04-07,18.739999771118164,21.899999618530273,18.309999465942383,21.049999237060547,21.049999237060547,12653700
2025-04-08,22.520000457763672,22.75,19.65999984741211,20.059999465942383,20.059999465942383,11102200
2025-04-09,20.520000457763672,23.996999740600586,18.891000747680664,23.459999084472656,23.459999084472656,17685400
2025-04-10,22.764999389648438,22.81999969482422,20.40999984741211,21.040000915527344,21.040000915527344,8709500
2025-04-11,21.0,21.665000915527344,20.260000228881836,21.510000228881836,21.510000228881836,5470200
2025-04-14,22.31999969482422,22.777999877929688,20.510000228881836,20.729999542236328,20.729999542236328,6091000
2025-04-15,21.309999465942383,21.579999923706055,20.80299949645996,21.329999923706055,21.329999923706055,4681500
2025-04-16,20.6299991607666,21.30500030517578,20.510000228881836,21.079999923706055,21.079999923706055,4473300
2025-04-17,21.31999969482422,21.850000381469727,21.02199935913086,21.530000686645508,21.530000686645508,3973000
2025-04-21,21.239999771118164,21.350000381469727,20.25,20.719999313354492,20.719999313354492,4267900
2025-04-22,21.149999618530273,22.03499984741211,21.020000457763672,21.860000610351562,21.860000610351562,4708700
2025-04-23,23.25,23.785999298095703,22.549999237060547,22.959999084472656,22.959999084472656,7949000
2025-04-24,23.084999084472656,24.618999481201172,22.93199920654297,24.459999084472656,24.459999084472656,5588700
2025-04-25,24.56999969482422,25.079999923706055,23.860000610351562,24.479999542236328,24.479999542236328,5825700
2025-04-28,24.204999923706055,24.599000930786133,23.309999465942383,24.110000610351562,24.110000610351562,3609700
2025-04-29,24.110000610351562,24.415000915527344,23.700000762939453,23.860000610351562,23.860000610351562,3404800
2025-04-30,22.5,22.799999237060547,21.450000762939453,22.729999542236328,22.729999542236328,6099400
2025-05-01,25.024999618530273,25.709999084472656,23.920000076293945,23.924999237060547,23.924999237060547,7475300
2025-05-02,24.649999618530273,25.615999221801758,24.389999389648438,25.399999618530273,25.399999618530273,6124600
2025-05-05,24.600000381469727,24.65999984741211,23.729999542236328,23.799999237060547,23.799999237060547,4599900
2025-05-06,23.299999237060547,25.06999969482422,23.25,25.040000915527344,25.040000915527344,6024100
2025-05-07,27.549999237060547,27.8700008392334,26.260000228881836,27.450000762939453,27.450000762939453,17862900
2025-05-08,27.84000015258789,28.59000015258789,27.299999237060547,28.219999313354492,28.219999313354492,6853800
2025-05-09,28.350000381469727,29.079999923706055,27.200000762939453,28.270000457763672,28.270000457763672,8477300
2025-05-12,32.31999969482422,33.72999954223633,31.1299991607666,33.34000015258789,33.34000015258789,16292600
2025-05-13,33.34000015258789,35.97999954223633,32.880001068115234,35.27000045776367,35.27000045776367,13897500
2025-05-14,35.67499923706055,36.650001525878906,34.45000076293945,36.119998931884766,36.119998931884766,12529700
2025-05-15,35.06999969482422,36.790000915527344,34.880001068115234,35.790000915527344,35.790000915527344,11205600
2025-05-16,36.345001220703125,38.13999938964844,36.19200134277344,37.31999969482422,37.31999969482422,16647200
2025-05-19,35.79999923706055,37.93000030517578,35.68000030517578,37.560001373291016,37.560001373291016,11035800
2025-05-20,38.119998931884766,41.45000076293945,36.41999816894531,39.13999938964844,39.13999938964844,31145800
2025-05-21,38.70000076293945,41.400001525878906,38.25,38.91999816894531,38.91999816894531,17302400
2025-05-22,39.040000915527344,39.54999923706055,37.0,37.79999923706055,37.79999923706055,10928700
2025-05-23,36.20000076293945,39.20000076293945,35.79999923706055,38.59000015258789,38.59000015258789,10378900
2025-05-27,39.56999969482422,40.09000015258789,38.029998779296875,39.81999969482422,39.81999969482422,9224300
2025-05-28,40.150001525878906,40.900001525878906,38.70000076293945,39.599998474121094,39.599998474121094,7801800
2025-05-29,41.25,41.79999923706055,37.599998474121094,38.040000915527344,38.040000915527344,11182600
2025-05-30,37.470001220703125,38.18000030517578,36.0099983215332,36.75,36.75,8109500
2025-06-02,34.82500076293945,36.040000915527344,34.720001220703125,36.02000045776367,36.02000045776367,17309200
2025-06-03,36.65999984741211,37.97999954223633,35.720001220703125,37.27000045776367,37.27000045776367,12101600
2025-06-04,37.935001373291016,40.400001525878906,37.119998931884766,39.38999938964844,39.38999938964844,14745600
2025-06-05,41.41999816894531,49.72999954223633,41.400001525878906,46.29999923706055,46.29999923706055,58899400
2025-06-06,46.29499816894531,48.56999969482422,45.40999984741211,48.279998779296875,48.279998779296875,19955700
2025-06-09,50.26499938964844,55.040000915527344,49.540000915527344,52.58000183105469,52.58000183105469,33822200
2025-06-10,51.0,52.59000015258789,49.150001525878906,52.5099983215332,52.5099983215332,21894600
2025-06-11,52.52000045776367,53.2599983215332,49.83000183105469,50.56999969482422,50.56999969482422,14439400
2025-06-12,50.26499938964844,51.970001220703125,48.81999969482422,50.279998779296875,50.279998779296875,12573600
2025-06-13,48.63999938964844,49.72999954223633,46.880001068115234,47.130001068115234,47.130001068115234,14336500
2025-06-16,48.0,51.81999969482422,47.88999938964844,50.459999084472656,50.459999084472656,14505300
2025-06-17,49.849998474121094,50.060001373291016,47.65999984741211,48.33000183105469,48.33000183105469,11504800
2025-06-18,48.625,50.349998474121094,47.689998626708984,48.31999969482422,48.31999969482422,10999800
2025-06-20,48.65999984741211,49.7400016784668,46.880001068115234,47.970001220703125,47.970001220703125,12670700
2025-06-23,47.0,48.29999923706055,45.02000045776367,47.47999954223633,47.47999954223633,12396000
2025-06-24,49.0,53.0,48.97999954223633,51.02000045776367,51.02000045776367,18080900
2025-06-25,53.275001525878906,54.59000015258789,48.04999923706055,48.52000045776367,48.52000045776367,14092800
2025-06-26,49.56999969482422,53.15999984741211,48.540000915527344,52.599998474121094,52.599998474121094,11533100
2025-06-27,53.0099983215332,53.41999816894531,50.599998474121094,51.84000015258789,51.84000015258789,8978100
2025-06-30,53.34000015258789,55.75,52.150001525878906,55.33000183105469,55.33000183105469,13852500
2025-07-01,54.599998474121094,55.380001068115234,49.76599884033203,50.310001373291016,50.310001373291016,14286400
2025-07-02,50.255001068115234,51.20000076293945,48.88199996948242,49.970001220703125,49.970001220703125,8151100
2025-07-03,50.9900016784668,50.9900016784668,49.79999923706055,50.25,50.25,5143300
2025-07-07,49.32500076293945,49.334999084472656,47.220001220703125,47.84000015258789,47.84000015258789,9432600
2025-07-08,48.099998474121094,48.54999923706055,46.650001525878906,47.099998474121094,47.099998474121094,8447800
2025-07-09,47.400001525878906,48.79999923706055,45.810001373291016,46.04999923706055,46.04999923706055,10148700
2025-07-10,46.5,47.23500061035156,45.25,46.43000030517578,46.43000030517578,8476000
2025-07-11,46.51499938964844,47.60499954223633,43.88999938964844,44.29999923706055,44.29999923706055,9198200
2025-07-14,48.93000030517578,52.209999084472656,48.79999923706055,51.95000076293945,51.95000076293945,24405100
2025-07-15,52.32500076293945,55.43000030517578,51.02000045776367,53.529998779296875,53.529998779296875,18454800
2025-07-16,53.58000183105469,53.650001525878906,50.119998931884766,53.310001373291016,53.310001373291016,11086400
2025-07-17,53.810001373291016,56.15999984741211,52.71200180053711,53.689998626708984,53.689998626708984,10876400
2025-07-18,54.650001525878906,54.79999923706055,51.0099983215332,52.790000915527344,52.790000915527344,9593800
2025-07-21,53.709999084472656,58.16400146484375,51.880001068115234,52.369998931884766,52.369998931884766,19795700
2025-07-22,52.150001525878906,52.29999923706055,49.0,51.0099983215332,51.0099983215332,9913900
2025-07-23,51.20000076293945,52.040000915527344,50.439998626708984,51.880001068115234,51.880001068115234,7288500
2025-07-24,53.279998779296875,53.779998779296875,51.02000045776367,52.15999984741211,52.15999984741211,7220700
2025-07-25,52.52000045776367,52.7599983215332,51.31999969482422,51.369998931884766,51.369998931884766,6237600
2025-07-28,51.689998626708984,52.80500030517578,50.55400085449219,52.75,52.75,8599500
2025-07-29,53.290000915527344,54.70000076293945,50.0,50.400001525878906,50.400001525878906,10638300
2025-07-30,50.880001068115234,52.5,50.25,51.290000915527344,51.290000915527344,8009400
2025-07-31,53.33000183105469,57.130001068115234,52.900001525878906,54.43000030517578,54.43000030517578,22905500
2025-08-01,51.970001220703125,53.72999954223633,50.097999572753906,52.0,52.0,11719100
2025-08-04,52.9900016784668,54.529998779296875,52.880001068115234,54.16999816894531,54.16999816894531,7096100
2025-08-05,55.845001220703125,56.45000076293945,53.53799819946289,55.16999816894531,55.16999816894531,8585100
2025-08-06,55.88999938964844,55.88999938964844,53.95000076293945,55.09000015258789,55.09000015258789,9731100
2025-08-07,64.37000274658203,70.54000091552734,63.380001068115234,65.30999755859375,65.30999755859375,44065000
2025-08-08,68.17500305175781,71.48999786376953,66.44999694824219,68.77999877929688,68.77999877929688,18451900
2025-08-11,69.9000015258789,75.95999908447266,69.16000366210938,70.23999786376953,70.23999786376953,21552700
2025-08-12,73.42500305175781,75.91899871826172,72.0,75.33000183105469,75.33000183105469,16106400
2025-08-13,75.08000183105469,75.20999908447266,69.08000183105469,70.62999725341797,70.62999725341797,18701900
2025-08-14,69.75,71.5199966430664,67.0999984741211,68.45999908447266,68.45999908447266,13114000
2025-08-15,68.30000305175781,71.97000122070312,67.30999755859375,71.62000274658203,71.62000274658203,9237600
2025-08-18,71.44000244140625,72.58999633789062,68.2699966430664,72.54000091552734,72.54000091552734,10007000
2025-08-19,71.75,71.75,66.19999694824219,67.19000244140625,67.19000244140625,12276300
2025-08-20,65.18499755859375,67.5,62.0099983215332,67.47000122070312,67.47000122070312,14162800
2025-08-21,68.26000213623047,68.26000213623047,65.44999694824219,66.18000030517578,66.18000030517578,8019200
2025-08-22,65.51000213623047,69.68000030517578,64.61100006103516,68.9800033569336,68.9800033569336,11017200
2025-08-25,69.45999908447266,70.73999786376953,67.25,70.0199966430664,70.0199966430664,7898700
2025-08-26,70.29000091552734,72.80000305175781,69.30999755859375,70.4800033569336,70.4800033569336,7516500
2025-08-27,71.5,71.7979965209961,68.6520004272461,70.0999984741211,70.0999984741211,6471400
2025-08-28,70.93000030517578,73.5,70.19999694824219,72.04000091552734,72.04000091552734,8909400
2025-08-29,71.54499816894531,71.69000244140625,67.5999984741211,68.31999969482422,68.31999969482422,7594300
2025-09-02,65.9000015258789,67.87899780273438,64.11000061035156,65.72000122070312,65.72000122070312,9333000
2025-09-03,66.87999725341797,67.0,64.83100128173828,65.6500015258789,65.6500015258789,6506200
2025-09-04,65.44499969482422,66.5,64.41000366210938,64.91000366210938,64.91000366210938,5473300
2025-09-05,66.5,67.38999938964844,63.2599983215332,65.47000122070312,65.47000122070312,5811700
2025-09-08,64.66999816894531,66.63999938964844,63.79999923706055,64.05999755859375,64.05999755859375,23050000
2025-09-09,97.19999694824219,98.68000030517578,86.12000274658203,95.72000122070312,95.72000122070312,88378300
2025-09-10,91.63999938964844,100.51000213623047,91.0,93.38999938964844,93.38999938964844,44690600
2025-09-11,92.66999816894531,93.87000274658203,88.41500091552734,89.19000244140625,89.19000244140625,37580600
2025-09-12,91.19000244140625,92.0,86.77999877929688,90.41000366210938,90.41000366210938,22844700
2025-09-15,92.61000061035156,94.41999816894531,88.83999633789062,90.95999908447266,90.95999908447266,19391500
2025-09-16,91.19999694824219,91.30000305175781,88.0199966430664,89.43000030517578,89.43000030517578,11737300
2025-09-17,91.66999816894531,95.0,88.83000183105469,94.08000183105469,94.08000183105469,24500300
2025-09-18,95.07499694824219,97.68000030517578,92.02999877929688,94.12000274658203,94.12000274658203,18068500
2025-09-19,94.13999938964844,99.55000305175781,93.25,99.30999755859375,99.30999755859375,18649300
2025-09-22,101.94999694824219,108.58000183105469,98.5199966430664,106.5999984741211,106.5999984741211,24365200
2025-09-23,108.04000091552734,109.9800033569336,104.25,107.80000305175781,107.80000305175781,16693500
2025-09-24,109.13500213623047,114.8499984741211,104.8499984741211,113.2300033569336,113.2300033569336,25341200
2025-09-25,108.05500030517578,114.08000183105469,105.87999725341797,107.94000244140625,107.94000244140625,19658800
2025-09-26,109.93000030517578,109.98999786376953,102.80000305175781,107.69999694824219,107.69999694824219,14915100
2025-09-29,109.37999725341797,112.5199966430664,108.33000183105469,110.22000122070312,110.22000122070312,12067000
2025-09-30,113.44499969482422,117.6500015258789,111.66000366210938,112.2699966430664,112.2699966430664,20425100
2025-10-01,111.71499633789062,115.87999725341797,109.76000213623047,115.61000061035156,115.61000061035156,12008100
2025-10-02,123.7699966430664,126.73999786376953,118.56999969482422,125.87000274658203,125.87000274658203,26887700
2025-10-03,127.23500061035156,132.97900390625,123.5999984741211,127.9800033569336,127.9800033569336,21351300
2025-10-06,132.39999389648438,135.75999450683594,124.93000030517578,124.94000244140625,124.94000244140625,16311100
2025-10-07,127.82499694824219,128.27999877929688,115.72000122070312,117.69999694824219,117.69999694824219,19574000
2025-10-08,121.19999694824219,125.30999755859375,117.5,122.0,122.0,18005900
2025-10-09,120.9800033569336,133.32000732421875,119.87000274658203,132.63999938964844,132.63999938964844,18124600
2025-10-10,134.9499969482422,141.10000610351562,128.00999450683594,129.5800018310547,129.5800018310547,28268500
2025-10-13,135.2100067138672,138.52999877929688,132.64999389648438,135.4600067138672,135.4600067138672,12788900
2025-10-14,132.0,133.78399658203125,125.75,128.14999389648438,128.14999389648438,13109200
2025-10-15,131.89999389648438,131.99000549316406,122.19999694824219,125.83000183105469,125.83000183105469,11708300
2025-10-16,128.08999633789062,130.97000122070312,122.0199966430664,123.04000091552734,123.04000091552734,14207700
2025-10-17,118.05999755859375,120.572998046875,110.87999725341797,113.44000244140625,113.44000244140625,21366500
2025-10-20,116.79000091552734,117.47000122070312,107.51000213623047,109.0,109.0,17799500
2025-10-21,107.87999725341797,108.18000030517578,101.4000015258789,104.27999877929688,104.27999877929688,18455900
2025-10-22,106.67500305175781,107.80000305175781,94.62999725341797,98.62000274658203,98.62000274658203,26631500
2025-10-23,100.33000183105469,106.62000274658203,99.45999908447266,106.16000366210938,106.16000366210938,15803800
2025-10-24,111.16000366210938,117.44999694824219,110.01000213623047,117.26000213623047,117.26000213623047,17411900
2025-10-27,120.91000366210938,126.5,120.11000061035156,125.43000030517578,125.43000030517578,16809800
2025-10-28,126.43499755859375,129.02999877929688,120.77999877929688,121.83000183105469,121.83000183105469,13455500
2025-10-29,124.27999877929688,125.94999694824219,117.5,125.0999984741211,125.0999984741211,13952800
2025-10-30,121.19999694824219,128.44000244140625,117.76000213623047,124.18000030517578,124.18000030517578,12204400
2025-10-31,126.63999938964844,132.14999389648438,126.30000305175781,130.82000732421875,130.82000732421875,13389000
2025-11-03,134.0,134.92999267578125,119.75,120.47000122070312,120.47000122070312,17247000
2025-11-04,112.3550033569336,116.77999877929688,109.0,110.54000091552734,110.54000091552734,17818200
2025-11-05,113.63999938964844,118.20999908447266,111.43000030517578,117.0,117.0,13977700
2025-11-06,119.55000305175781,121.0,108.41000366210938,109.44000244140625,109.44000244140625,17314400
2025-11-07,104.5,111.30000305175781,101.26000213623047,111.27999877929688,111.27999877929688,17614100
2025-11-10,115.18000030517578,118.37000274658203,108.72000122070312,109.94999694824219,109.94999694824219,21363600
2025-11-11,114.12999725341797,114.55999755859375,99.83000183105469,102.22000122070312,102.22000122070312,45261100
2025-11-12,104.19999694824219,105.6500015258789,91.70999908447266,94.36000061035156,94.36000061035156,35913500
2025-11-13,90.88999938964844,91.4800033569336,84.5,88.62999725341797,88.62999725341797,41803000
2025-11-14,82.36000061035156,89.0,82.0,83.54000091552734,83.54000091552734,31948000
2025-11-17,83.81999969482422,89.6500015258789,83.58999633789062,85.9800033569336,85.9800033569336,23478700
2025-11-18,83.77999877929688,93.69000244140625,81.70999908447266,90.54000091552734,90.54000091552734,26661600
2025-11-19,93.00499725341797,96.72000122070312,91.80000305175781,95.06999969482422,95.06999969482422,22040600
2025-11-20,99.43000030517578,102.69000244140625,84.20999908447266,84.63999938964844,84.63999938964844,35775700
2025-11-21,85.55000305175781,88.73999786376953,78.20999908447266,83.26000213623047,83.26000213623047,34963200
2025-11-24,86.2300033569336,93.0,85.1500015258789,91.9000015258789,91.9000015258789,51066800
2025-11-25,89.29000091552734,91.27999877929688,84.72100067138672,88.87999725341797,88.87999725341797,15021200
2025-11-26,93.8499984741211,95.63400268554688,90.76000213623047,94.69000244140625,94.69000244140625,13545000
2025-11-28,96.55000305175781,97.08000183105469,93.44000244140625,94.87000274658203,94.87000274658203,6018800
2025-12-01,91.44999694824219,101.5999984741211,89.01000213623047,100.1500015258789,100.1500015258789,14462900
2025-12-02,100.36000061035156,102.94999694824219,96.05999755859375,96.44999694824219,96.44999694824219,11332700
2025-12-03,95.0199966430664,99.05999755859375,91.0,98.91999816894531,98.91999816894531,11307500
2025-12-04,99.06999969482422,103.83999633789062,97.47000122070312,102.80000305175781,102.80000305175781,11234100
2025-12-05,100.33999633789062,101.3499984741211,96.19999694824219,98.04000091552734,98.04000091552734,13041100
2025-12-08,97.29000091552734,100.5,95.30000305175781,100.33000183105469,100.33000183105469,8737800
2025-12-09,98.08999633789062,100.88300323486328,96.0999984741211,96.41000366210938,96.41000366210938,10060000
2025-12-10,95.7300033569336,97.08999633789062,92.19999694824219,93.58999633789062,93.58999633789062,10080700
2025-12-11,89.19999694824219,95.44999694824219,86.69999694824219,94.27999877929688,94.27999877929688,11896100
2025-12-12,93.30999755859375,95.6500015258789,86.19999694824219,87.69000244140625,87.69000244140625,14990600
2025-12-15,88.0999984741211,88.23999786376953,80.06400299072266,81.13999938964844,81.13999938964844,17138600
2025-12-16,79.57499694824219,81.55999755859375,76.87999725341797,80.94999694824219,80.94999694824219,13847800
2025-12-17,84.08999633789062,84.30000305175781,75.25,75.44999694824219,75.44999694824219,17064100
2025-12-18,79.05000305175781,80.3499984741211,77.01000213623047,78.08999633789062,78.08999633789062,10345800
2025-12-19,80.6500015258789,90.54000091552734,80.16000366210938,89.45999908447266,89.45999908447266,17558700
2025-12-22,92.97000122070312,95.9000015258789,91.0999984741211,93.2300033569336,93.2300033569336,11303100
2025-12-23,90.30999755859375,92.97000122070312,88.30999755859375,90.02999877929688,90.02999877929688,8885700
2025-12-24,90.2300033569336,91.41999816894531,88.6500015258789,91.12999725341797,91.12999725341797,3338000
2025-12-26,91.51000213623047,91.62000274658203,86.73999786376953,87.58999633789062,87.58999633789062,6234600
2025-12-29,84.44999694824219,88.61000061035156,84.29000091552734,86.04000091552734,86.04000091552734,8076100
2025-12-30,86.375,86.95999908447266,84.55999755859375,85.16999816894531,85.16999816894531,5802300
2025-12-31,85.37000274658203,86.47000122070312,82.9000015258789,83.70500183105469,83.70500183105469,7055900
2026-01-02,86.98500061035156,90.76000213623047,86.01000213623047,89.94999694824219,89.94999694824219,9099500
2026-01-05,95.0,95.44000244140625,90.88999938964844,92.83000183105469,92.83000183105469,10025600
2026-01-06,95.71499633789062,100.68000030517578,90.94000244140625,100.23999786376953,100.23999786376953,18739600
2026-01-07,99.01000213623047,102.3499984741211,95.55999755859375,96.20999908447266,96.20999908447266,10185800
2026-01-08,96.79000091552734,102.54000091552734,96.02100372314453,97.30000305175781,97.30000305175781,12952000
2026-01-09,98.8949966430664,104.97000122070312,97.0999984741211,97.93000030517578,97.93000030517578,11735300
2026-01-12,98.31999969482422,108.68000030517578,96.55000305175781,107.33000183105469,107.33000183105469,16033500
2026-01-13,107.33000183105469,107.94999694824219,103.91999816894531,105.43000030517578,105.43000030517578,10405200
2026-01-14,105.77999877929688,106.69999694824219,99.38300323486328,101.9800033569336,101.9800033569336,10468000
2026-01-15,104.55500030517578,108.12999725341797,101.0999984741211,103.88500213623047,103.88500213623047,11190900
2026-01-16,105.99500274658203,110.5,100.70999908447266,108.7300033569336,108.7300033569336,15674400
2026-01-20,101.83000183105469,104.47000122070312,98.33999633789062,99.29000091552734,99.29000091552734,16768600
2026-01-21,101.08999633789062,102.4000015258789,93.0999984741211,98.87000274658203,98.87000274658203,15470500
2026-01-22,102.01000213623047,103.9800033569336,96.5,96.8499984741211,96.8499984741211,10237100
2026-01-23,96.69999694824219,98.88500213623047,93.52999877929688,94.5,94.5,10064600
2026-01-26,97.70999908447266,100.87999725341797,91.36000061035156,91.45999908447266,91.45999908447266,14675900
2026-01-27,94.3499984741211,99.54000091552734,93.52999877929688,97.87000274658203,97.87000274658203,11670900
2026-01-28,100.0,101.8499984741211,96.44000244140625,100.43000030517578,100.43000030517578,11834100
2026-01-29,98.36000061035156,99.25,91.16000366210938,94.91000366210938,94.91000366210938,13332200
2026-01-30,91.5510025024414,92.04000091552734,84.12000274658203,85.19000244140625,85.19000244140625,18182300
2026-02-02,85.80999755859375,89.25,84.22000122070312,88.16000366210938,88.16000366210938,10501300
2026-02-03,89.93000030517578,91.38999938964844,84.75,89.94999694824219,89.94999694824219,9743100
2026-02-04,87.0,87.66500091552734,78.44000244140625,82.38999938964844,82.38999938964844,15962800
2026-02-05,79.13999938964844,80.81999969482422,73.5199966430664,73.87000274658203,73.87000274658203,17441100
2026-02-06,79.2249984741211,86.66000366210938,77.12000274658203,86.0999984741211,86.0999984741211,16895700
2026-02-09,84.44999694824219,93.68000030517578,83.80999755859375,92.87999725341797,92.87999725341797,13235600
2026-02-10,92.91500091552734,95.552001953125,91.66000366210938,91.79000091552734,91.79000091552734,10388600
2026-02-11,92.91500091552734,94.75,87.13999938964844,88.61000061035156,88.61000061035156,13933000
2026-02-12,84.0999984741211,90.76000213623047,79.69000244140625,89.7300033569336,89.7300033569336,25735500
2026-02-13,89.86000061035156,100.31999969482422,88.86000061035156,98.01000213623047,98.01000213623047,20543800
2026-02-17,96.0,99.29000091552734,93.5,97.5199966430664,97.5199966430664,11665200
2026-02-18,99.7300033569336,104.4000015258789,96.85700225830078,101.80000305175781,101.80000305175781,13132500
2026-02-19,100.43000030517578,107.9800033569336,100.43000030517578,107.61000061035156,107.61000061035156,17315000
2026-02-20,106.59100341796875,108.31999969482422,97.02999877929688,97.91999816894531,97.91999816894531,17238800
2026-02-23,96.30500030517578,101.16300201416016,95.30000305175781,100.61000061035156,100.61000061035156,8882200
2026-02-24,99.36499786376953,103.75,97.74800109863281,102.58000183105469,102.58000183105469,7436000
2026-02-25,104.98999786376953,107.44000244140625,102.80000305175781,106.12000274658203,106.12000274658203,8737200
2026-02-26,106.0,108.31999969482422,102.0,104.87999725341797,104.87999725341797,8529300
2026-02-27,98.69999694824219,99.30000305175781,88.4000015258789,91.19000244140625,91.19000244140625,22945200
2026-03-02,88.0,91.38700103759766,86.80000305175781,91.01000213623047,91.01000213623047,11049500
2026-03-03,86.1500015258789,89.87000274658203,83.52999877929688,86.80000305175781,86.80000305175781,10158200
2026-03-04,90.4000015258789,98.4800033569336,90.1500015258789,97.77999877929688,97.77999877929688,12975800
2026-03-05,96.75,99.25,91.62000274658203,95.6500015258789,95.6500015258789,8769300
2026-03-06,92.30000305175781,94.94999694824219,88.80000305175781,89.33000183105469,89.33000183105469,7829400
2026-03-09,87.36000061035156,95.19999694824219,86.5,94.94000244140625,94.94000244140625,9983800
2026-03-10,95.13999938964844,98.4000015258789,95.0,96.43000030517578,96.43000030517578,7125500
2026-03-11,105.16000366210938,114.08000183105469,104.48999786376953,111.99500274658203,111.99500274658203,34845300
2026-03-12,109.08999633789062,111.04000091552734,106.5199966430664,108.04000091552734,108.04000091552734,13302400
2026-03-13,110.44000244140625,116.56999969482422,110.13999938964844,112.94999694824219,112.94999694824219,15433700
2026-03-16,124.75,132.3000030517578,124.4229965209961,129.85000610351562,129.85000610351562,34657700
2026-03-17,120.33999633789062,121.5,113.11000061035156,116.33000183105469,116.33000183105469,57203800
2026-03-18,114.80000305175781,122.77400207519531,114.0,118.55999755859375,118.55999755859375,35792300
2026-03-19,115.25499725341797,121.80000305175781,114.7699966430664,121.5199966430664,121.5199966430664,14606000
2026-03-20,120.4749984741211,123.7239990234375,112.63400268554688,117.62000274658203,117.62000274658203,17414000
2026-03-23,116.70999908447266,121.30999755859375,113.55000305175781,114.1500015258789,114.1500015258789,13470100
2026-03-24,116.17500305175781,117.80000305175781,112.01000213623047,114.91000366210938,114.91000366210938,11830600
2026-03-25,116.87000274658203,118.80000305175781,113.33000183105469,115.08999633789062,115.08999633789062,12131100
2026-03-26,113.25499725341797,113.30000305175781,105.41000366210938,105.97000122070312,105.97000122070312,13405500
2026-03-27,105.83000183105469,106.26000213623047,100.2699966430664,100.81999969482422,100.81999969482422,11552100
2026-03-30,102.23999786376953,102.23999786376953,89.65299987792969,92.26000213623047,92.26000213623047,16685000
2026-03-31,97.9800033569336,103.88999938964844,95.7300033569336,103.76000213623047,103.76000213623047,21546900
2026-04-01,105.94499969482422,107.87000274658203,101.3499984741211,101.94999694824219,101.94999694824219,14922000
2026-04-02,96.41000366210938,108.95999908447266,96.19000244140625,108.81999969482422,108.81999969482422,13686800
2026-04-06,108.66000366210938,113.83999633789062,107.44999694824219,112.54000091552734,112.54000091552734,10920700
2026-04-07,110.625,117.9000015258789,110.27999877929688,117.4000015258789,117.4000015258789,13136900
2026-04-08,126.87999725341797,127.75,119.3499984741211,125.0,125.0,18679200
2026-04-09,125.0,136.5500030517578,124.55000305175781,136.3300018310547,136.3300018310547,20407800
2026-04-10,134.88499450683594,149.82000732421875,134.88499450683594,144.97000122070312,144.97000122070312,25785100
2026-04-13,142.6999969482422,159.5,142.3000030517578,154.55999755859375,154.55999755859375,23439600
2026-04-14,161.10000610351562,166.10000610351562,158.52000427246094,161.94000244140625,161.94000244140625,21983200
2026-04-15,160.2259979248047,166.80999755859375,156.5,166.77000427246094,166.77000427246094,14356300
2026-04-16,167.0,168.7100067138672,160.08999633789062,165.33999633789062,165.33999633789062,13912300
2026-04-17,163.77999877929688,164.05999755859375,154.72999572753906,157.13999938964844,157.13999938964844,17203600
2026-04-20,157.0,161.75,154.0399932861328,159.16000366210938,159.16000366210938,12962500
2026-04-21,161.22000122070312,163.25,155.39999389648438,156.5500030517578,156.5500030517578,10061200
2026-04-22,162.86000061035156,167.42999267578125,155.35000610351562,156.13999938964844,156.13999938964844,12899100
2026-04-23,155.89999389648438,165.80999755859375,154.07000732421875,157.0800018310547,157.0800018310547,13968700
2026-04-24,163.6699981689453,165.25,145.80999755859375,147.16000366210938,147.16000366210938,18386600
2026-04-27,148.38999938964844,148.8000030517578,138.55999755859375,144.9600067138672,144.9600067138672,14122100
2026-04-28,138.39999389648438,141.4600067138672,132.6999969482422,135.50999450683594,135.50999450683594,16041400
2026-04-29,140.09500122070312,143.6999969482422,134.22000122070312,141.19000244140625,141.19000244140625,14962700
2026-04-30,145.18499755859375,146.97999572753906,135.0,138.22999572753906,138.22999572753906,12682900
2026-05-01,141.3300018310547,156.0,140.0,154.49000549316406,154.49000549316406,15854500
2026-05-04,160.38499450683594,179.39999389648438,159.6999969482422,176.4199981689453,176.4199981689453,24793300
2026-05-05,171.64999389648438,179.9600067138672,168.7100067138672,175.9199981689453,175.9199981689453,11763200
2026-05-06,179.59500122070312,195.99000549316406,175.11000061035156,195.08999633789062,195.08999633789062,19331100
2026-05-07,190.00999450683594,197.88999938964844,177.0,184.77000427246094,184.77000427246094,19203400
2026-05-08,183.6999969482422,188.25,176.5,177.0500030517578,177.0500030517578,12929600
2026-05-11,179.89999389648438,196.45599365234375,178.5500030517578,186.10000610351562,186.10000610351562,14061600
2026-05-12,180.4199981689453,185.61000061035156,172.25,179.11000061035156,179.11000061035156,11723200
2026-05-13,203.84500122070312,217.33999633789062,195.0,207.27000427246094,207.27000427246094,38770000
2026-05-14,213.375,233.72999572753906,207.75,221.14999389648438,221.14999389648438,29737800
2026-05-15,217.61000061035156,228.7899932861328,211.8000030517578,219.94000244140625,219.94000244140625,22919800
2026-05-18,217.47000122070312,218.07000732421875,190.0800018310547,199.86000061035156,199.86000061035156,21056500
2026-05-19,191.0,202.80999755859375,183.0,197.72999572753906,197.72999572753906,16832900
2026-05-20,203.97000122070312,204.25,190.63999938964844,191.82000732421875,191.82000732421875,13064000
2026-05-21,211.74000549316406,226.80999755859375,208.8000030517578,219.92999267578125,219.92999267578125,23027700
2026-05-22,219.25999450683594,221.9199981689453,210.72999572753906,214.77000427246094,214.77000427246094,10606700
2026-05-26,220.6750030517578,221.00999450683594,205.66000366210938,208.05999755859375,208.05999755859375,11287000
2026-05-27,207.78500366210938,209.63999938964844,198.30999755859375,208.3699951171875,208.3699951171875,13981100
2026-05-28,230.3800048828125,232.88999938964844,219.00999450683594,226.33999633789062,226.33999633789062,26016700
2026-05-29,227.86000061035156,233.60000610351562,210.39999389648438,231.08999633789062,231.08999633789062,23748700
2026-06-01,244.08999633789062,274.7980041503906,238.0,264.510009765625,264.510009765625,24248900
2026-06-02,272.1000061035156,278.8399963378906,259.75,260.5799865722656,260.5799865722656,14040400
2026-06-03,260.2149963378906,267.4599914550781,247.50999450683594,251.67999267578125,251.67999267578125,11532600
2026-06-04,239.74000549316406,264.4700012207031,234.69000244140625,259.6700134277344,259.6700134277344,12304800
2026-06-05,246.86000061035156,250.75,216.69000244140625,227.80999755859375,227.80999755859375,20874000
2026-06-08,240.39999389648438,240.39999389648438,217.6999969482422,218.0,218.0,14008400
2026-06-09,230.0,237.65499877929688,200.3000030517578,220.1199951171875,220.1199951171875,22699200
2026-06-10,215.4929962158203,230.99000549316406,211.3699951171875,211.69000244140625,211.69000244140625,15356600
2026-06-11,205.38999938964844,228.49000549316406,205.0,222.24000549316406,222.24000549316406,14297100
2026-06-12,234.64999389648438,243.58999633789062,223.5,232.36000061035156,232.36000061035156,17131300
2026-06-15,251.9600067138672,262.8949890136719,245.24000549316406,260.07000732421875,260.07000732421875,16699200
2026-06-16,255.47000122070312,277.3450012207031,253.39999389648438,265.1000061035156,265.1000061035156,14643700
2026-06-17,265.6499938964844,297.92999267578125,264.2900085449219,280.9100036621094,280.9100036621094,24392300
2026-06-18,298.20001220703125,298.79998779296875,275.57501220703125,286.69000244140625,286.69000244140625,36625500
2026-06-22,289.9599914550781,299.8599853515625,278.0,283.6099853515625,283.6099853515625,14697600
2026-06-23,257.75,295.2300109863281,251.0,275.25,275.25,18767700
2026-06-24,275.1000061035156,276.1520080566406,249.2100067138672,259.6600036621094,259.6600036621094,15286300
2026-06-25,272.57000732421875,275.5199890136719,252.55999755859375,256.6300048828125,256.6300048828125,14495500
2026-06-26,244.85000610351562,248.8000030517578,234.39999389648438,240.3000030517578,240.3000030517578,13155000
2026-06-29,249.375,263.79998779296875,234.5,261.1499938964844,261.1499938964844,14299200
2026-06-30,258.260009765625,290.6000061035156,255.8000030517578,276.1700134277344,276.1700134277344,12870300
2026-07-01,240.2740020751953,246.49000549316406,228.1699981689453,229.17999267578125,229.17999267578125,30684800
2026-07-02,233.0,237.25999450683594,207.2989959716797,215.6199951171875,215.6199951171875,24804700
2026-07-06,216.25,224.97000122070312,206.2100067138672,213.02000427246094,213.02000427246094,14918900
2026-07-07,202.32000732421875,207.52000427246094,193.67999267578125,195.19000244140625,195.19000244140625,17160800
2026-07-08,192.6699981689453,218.49000549316406,192.6699981689453,216.47999572753906,216.47999572753906,17925700
2026-07-09,229.1840057373047,229.49899291992188,211.50999450683594,216.1999969482422,216.1999969482422,13994700
2026-07-10,213.03199768066406,224.47999572753906,207.44000244140625,219.64999389648438,219.64999389648438,11490500
2026-07-13,212.69000244140625,219.0,204.6999969482422,210.50999450683594,210.50999450683594,10842300
2026-07-14,217.0399932861328,222.75,193.0,194.08999633789062,194.08999633789062,17928500
2026-07-15,197.4199981689453,203.25,187.24000549316406,199.50999450683594,199.50999450683594,18844400
2026-07-16,190.41000366210938,193.10000610351562,169.2310028076172,171.77000427246094,171.77000427246094,28410900
2026-07-17,165.0749969482422,186.77000427246094,164.30999755859375,177.7100067138672,177.7100067138672,24912200
2026-07-20,186.96499633789062,194.33999633789062,179.0800018310547,182.6199951171875,182.6199951171875,16901600
2026-07-21,193.0500030517578,217.6199951171875,192.1199951171875,216.9199981689453,216.9199981689453,25632600
2026-07-22,211.0,228.6649932861328,209.5240020751953,218.16000366210938,218.16000366210938,16921100
2026-07-23,214.28500366210938,230.3000030517578,214.22000122070312,220.97000122070312,220.97000122070312,15309800
2026-07-24,218.0,218.53900146484375,186.41000366210938,187.77000427246094,187.77000427246094,24095300
2026-07-27,196.72500610351562,199.88999938964844,180.8300018310547,187.8800048828125,187.8800048828125,18169100
2026-07-28,178.8699951171875,180.07000732421875,161.44000244140625,169.69000244140625,169.69000244140625,28902400
2026-07-29,170.4499969482422,172.0,145.8000030517578,148.22000122070312,148.22000122070312,39775900
2026-07-30,172.17999267578125,195.88800048828125,169.0800018310547,188.42999267578125,188.42999267578125,42302400
2026-07-31,200.93499755859375,204.5659942626953,182.5,190.41000366210938,190.41000366210938,25703400
2026-08-03,184.0850067138672,221.6699981689453,176.25,212.5800018310547,212.5800018310547,28630300
2026-08-04,216.41000366210938,229.47000122070312,215.5,225.74000549316406,225.74000549316406,21356700
2026-08-05,219.9499969482422,228.02000427246094,214.74000549316406,218.99000549316406,218.99000549316406,15769000
2026-08-06,205.4199981689453,215.50999450683594,189.1699981689453,189.8800048828125,189.8800048828125,26723800
2026-08-07,197.36500549316406,197.4199981689453,180.63099670410156,187.97000122070312,187.97000122070312,22822900
2026-08-10,186.0800018310547,196.1300048828125,183.11000061035156,184.11000061035156,184.11000061035156,16165200
2026-08-11,187.5,195.60000610351562,187.30999755859375,193.22999572753906,193.22999572753906,22528700
2026-08-12,226.0,259.44000244140625,216.11000061035156,259.20001220703125,259.20001220703125,63538200
2026-08-13,255.47000122070312,275.9599914550781,247.3800048828125,255.0399932861328,255.0399932861328,36239100
2026-08-14,258.0899963378906,278.6600036621094,256.9049987792969,277.67999267578125,277.67999267578125,29024700
2026-08-17,276.7799987792969,280.8299865722656,263.82000732421875,268.8500061035156,268.8500061035156,19722300
2026-08-18,268.70001220703125,274.79998779296875,244.77999877929688,248.42999267578125,248.42999267578125,22824200
2026-08-19,232.32000732421875,236.1999969482422,213.75,223.89999389648438,223.89999389648438,50438600
2026-08-20,223.0,223.0,212.0399932861328,220.11000061035156,220.11000061035156,28477900
2026-08-21,226.36000061035156,230.80999755859375,217.85000610351562,219.1300048828125,219.1300048828125,20239700
2026-08-24,211.20199584960938,213.75,201.89100646972656,210.91000366210938,210.91000366210938,16882300
2026-08-25,217.9600067138672,223.44000244140625,213.5500030517578,221.97000122070312,221.97000122070312,13547900
2026-08-26,215.5,221.47000122070312,213.60000610351562,213.92999267578125,213.92999267578125,10562800
2026-08-27,223.3699951171875,228.5,215.41000366210938,218.47999572753906,218.47999572753906,16068200
2026-08-28,211.9600067138672,214.27999877929688,205.47999572753906,209.17999267578125,209.17999267578125,13122100
2026-08-31,205.73500061035156,208.8800048828125,201.5,206.32000732421875,206.32000732421875,10556100
2026-09-01,199.91000366210938,202.80799865722656,194.8000030517578,199.5399932861328,199.5399932861328,10855900
2026-09-02,195.65499877929688,205.2100067138672,195.14999389648438,204.08999633789062,204.08999633789062,10817900
2026-09-03,202.8800048828125,211.6699981689453,196.6300048828125,210.6300048828125,210.6300048828125,10679600
2026-09-04,210.19000244140625,226.5800018310547,209.40499877929688,226.38999938964844,226.38999938964844,14970700
2026-09-08,234.84500122070312,254.74000549316406,234.3249969482422,243.8800048828125,243.8800048828125,26697300
2026-09-09,247.90499877929688,250.27200317382812,240.1999969482422,240.35000610351562,240.35000610351562,11439000
2026-09-10,232.0,238.3300018310547,226.02999877929688,228.11000061035156,228.11000061035156,13059400
2026-09-11,234.8000030517578,234.9499969482422,223.63999938964844,224.5500030517578,224.5500030517578,11178900
