contract,expiration,type,strike,spot,bid,ask,last,volume,open_interest,iv,vendor_delta,vendor_gamma,vendor_theta,vendor_vega,quote_timestamp,last_trade_timestamp,multiplier,midpoint,spread_pct,days_to_expiration,moneyness,same_session,usable
MTRN260918C00075000,2026-09-18,call,75.0,251.53,174.8,178.4,179.5,0.0,2.0,0.0,1.0,0.0,0.0,0.0,2026-09-19 01:47:18,2026-08-19T10:10:52,100,176.60000000000002,0.020385050962627372,0,3.3537333333333335,False,False
MTRN260918P00075000,2026-09-18,put,75.0,251.53,0.0,2.15,0.15,0.0,12.0,0.0,0.0,0.0,0.0,0.0,2026-09-19 01:47:18,2026-04-22T09:30:02,100,1.075,2.0,0,3.3537333333333335,False,False
MTRN260918C00080000,2026-09-18,call,80.0,251.53,169.8,173.4,174.5,0.0,1.0,0.0,1.0,0.0,0.0,0.0,2026-09-19 01:47:18,2026-08-19T10:10:52,100,171.60000000000002,0.02097902097902094,0,3.144125,False,False
MTRN260918P00080000,2026-09-18,put,80.0,251.53,0.0,2.15,0.05,0.0,20.0,0.0,0.0,0.0,0.0,0.0,2026-09-19 01:47:18,2026-05-11T09:30:02,100,1.075,2.0,0,3.144125,False,False
MTRN260918C00085000,2026-09-18,call,85.0,251.53,164.7,168.4,117.1,0.0,0.0,0.0,1.0,0.0,0.0,0.0,2026-09-19 01:47:18,2026-05-11T09:30:36,100,166.55,0.022215550885620036,0,2.9591764705882353,False,False
MTRN260918P00085000,2026-09-18,put,85.0,251.53,0.0,2.15,0.0,0.0,0.0,0.0,0.0,0.0,0.0,0.0,2026-09-19 01:47:18,,100,1.075,2.0,0,2.9591764705882353,False,False
MTRN260918C00090000,2026-09-18,call,90.0,251.53,159.8,162.9,171.2,0.0,1.0,0.0,1.0,0.0,0.0,0.0,2026-09-19 01:47:18,2026-08-19T09:51:30,100,161.35000000000002,0.01921289123024477,0,2.7947777777777776,False,False
MTRN260918P00090000,2026-09-18,put,90.0,251.53,0.0,2.15,3.2,0.0,2.0,0.0,0.0,0.0,0.0,0.0,2026-09-19 01:47:18,2026-03-20T15:34:53,100,1.075,2.0,0,2.7947777777777776,False,False
MTRN260918C00095000,2026-09-18,call,95.0,251.53,155.6,158.4,158.2,0.0,2.0,0.0,1.0,0.0,0.0,0.0,2026-09-19 01:47:18,2026-08-19T10:18:24,100,157.0,0.01783439490445867,0,2.647684210526316,False,False
MTRN260918P00095000,2026-09-18,put,95.0,251.53,0.0,2.15,1.35,0.0,2.0,0.0,0.0,0.0,0.0,0.0,2026-09-19 01:47:18,2026-02-10T09:30:56,100,1.075,2.0,0,2.647684210526316,False,False
MTRN260918C00100000,2026-09-18,call,100.0,251.53,149.8,153.4,166.0,0.0,2.0,0.0,1.0,0.0,0.0,0.0,2026-09-19 01:47:18,2026-08-19T09:37:00,100,151.60000000000002,0.02374670184696566,0,2.5153,False,False
MTRN260918P00100000,2026-09-18,put,100.0,251.53,0.0,2.15,0.0,0.0,0.0,0.0,0.0,0.0,0.0,0.0,2026-09-19 01:47:18,,100,1.075,2.0,0,2.5153,False,False
MTRN260918C00105000,2026-09-18,call,105.0,251.53,144.8,148.4,156.2,0.0,2.0,0.0,1.0,0.0,0.0,0.0,2026-09-19 01:47:18,2026-08-19T09:51:30,100,146.60000000000002,0.024556616643929018,0,2.3955238095238096,False,False
MTRN260918P00105000,2026-09-18,put,105.0,251.53,0.0,2.15,0.05,0.0,1.0,0.0,0.0,0.0,0.0,0.0,2026-09-19 01:47:18,2026-08-12T09:30:37,100,1.075,2.0,0,2.3955238095238096,False,False
MTRN260918C00110000,2026-09-18,call,110.0,251.53,139.7,143.4,0.0,0.0,0.0,0.0,1.0,0.0,0.0,0.0,2026-09-19 01:47:18,,100,141.55,0.026139173436948195,0,2.286636363636364,False,False
MTRN260918P00110000,2026-09-18,put,110.0,251.53,0.0,2.15,0.0,0.0,0.0,0.0,0.0,0.0,0.0,0.0,2026-09-19 01:47:18,,100,1.075,2.0,0,2.286636363636364,False,False
MTRN260918C00115000,2026-09-18,call,115.0,251.53,134.7,138.4,0.0,0.0,0.0,0.0,1.0,0.0,0.0,0.0,2026-09-19 01:47:18,,100,136.55,0.027096301720981448,0,2.187217391304348,False,False
MTRN260918P00115000,2026-09-18,put,115.0,251.53,0.0,2.15,0.0,0.0,0.0,0.0,0.0,0.0,0.0,0.0,2026-09-19 01:47:18,,100,1.075,2.0,0,2.187217391304348,False,False
MTRN260918C00120000,2026-09-18,call,120.0,251.53,129.8,133.3,126.79,0.0,1.0,0.0,1.0,0.0,0.0,0.0,2026-09-19 01:47:18,2026-06-12T11:25:15,100,131.55,0.026605853287723295,0,2.0960833333333335,False,False
MTRN260918P00120000,2026-09-18,put,120.0,251.53,0.0,2.15,0.0,0.0,0.0,0.0,0.0,0.0,0.0,0.0,2026-09-19 01:47:18,,100,1.075,2.0,0,2.0960833333333335,False,False
MTRN260918C00125000,2026-09-18,call,125.0,251.53,124.8,127.9,45.3,0.0,2.0,0.0,1.0,0.0,0.0,0.0,2026-09-19 01:47:18,2026-02-12T09:40:10,100,126.35,0.02453502176493873,0,2.01224,False,False
MTRN260918P00125000,2026-09-18,put,125.0,251.53,0.0,2.15,7.23,0.0,1.0,0.0,0.0,0.0,0.0,0.0,2026-09-19 01:47:18,2026-04-08T09:30:14,100,1.075,2.0,0,2.01224,False,False
MTRN260918C00130000,2026-09-18,call,130.0,251.53,119.7,123.4,0.0,0.0,0.0,0.0,1.0,0.0,0.0,0.0,2026-09-19 01:47:18,,100,121.55000000000001,0.030440148087206933,0,1.9348461538461539,False,False
MTRN260918P00130000,2026-09-18,put,130.0,251.53,0.0,2.15,0.0,0.0,0.0,0.0,0.0,0.0,0.0,0.0,2026-09-19 01:47:18,,100,1.075,2.0,0,1.9348461538461539,False,False
MTRN260918C00135000,2026-09-18,call,135.0,251.53,115.1,118.3,28.0,0.0,1.0,0.0,1.0,0.0,0.0,0.0,2026-09-19 01:47:18,2026-02-06T11:21:32,100,116.69999999999999,0.02742073693230508,0,1.8631851851851853,False,False
MTRN260918P00135000,2026-09-18,put,135.0,251.53,0.0,2.15,0.0,0.0,0.0,0.0,0.0,0.0,0.0,0.0,2026-09-19 01:47:18,,100,1.075,2.0,0,1.8631851851851853,False,False
MTRN260918C00140000,2026-09-18,call,140.0,251.53,109.8,112.9,34.1,0.0,3.0,0.0,1.0,0.0,0.0,0.0,2026-09-19 01:47:18,2026-04-09T15:55:54,100,111.35,0.02784014369106429,0,1.7966428571428572,False,False
MTRN260918P00140000,2026-09-18,put,140.0,251.53,0.0,2.15,0.0,0.0,0.0,0.0,0.0,0.0,0.0,0.0,2026-09-19 01:47:18,,100,1.075,2.0,0,1.7966428571428572,False,False
MTRN260918C00145000,2026-09-18,call,145.0,251.53,104.8,108.1,19.54,0.0,12.0,0.0,1.0,0.0,0.0,0.0,2026-09-19 01:47:18,2026-03-31T15:42:29,100,106.44999999999999,0.031000469704086403,0,1.7346896551724138,False,False
MTRN260918P00145000,2026-09-18,put,145.0,251.53,0.0,2.15,0.8,0.0,1.0,0.0,0.0,0.0,0.0,0.0,2026-09-19 01:47:18,2026-08-03T09:30:05,100,1.075,2.0,0,1.7346896551724138,False,False
MTRN260918C00150000,2026-09-18,call,150.0,251.53,99.8,103.3,59.5,0.0,195.0,0.0,1.0,0.0,0.0,0.0,2026-09-19 01:47:18,2026-05-15T14:59:31,100,101.55,0.034465780403742,0,1.6768666666666667,False,False
MTRN260918P00150000,2026-09-18,put,150.0,251.53,0.0,2.15,0.05,0.0,3.0,0.0,0.0,0.0,0.0,0.0,2026-09-19 01:47:18,2026-08-24T15:44:05,100,1.075,2.0,0,1.6768666666666667,False,False
MTRN260918C00155000,2026-09-18,call,155.0,251.53,94.8,97.9,51.2,0.0,8.0,0.0,1.0,0.0,0.0,0.0,2026-09-19 01:47:18,2026-05-05T13:18:43,100,96.35,0.03217436429683455,0,1.622774193548387,False,False
MTRN260918P00155000,2026-09-18,put,155.0,251.53,0.0,2.15,1.25,0.0,2.0,0.0,0.0,0.0,0.0,0.0,2026-09-19 01:47:18,2026-08-03T09:30:04,100,1.075,2.0,0,1.622774193548387,False,False
MTRN260918C00160000,2026-09-18,call,160.0,251.53,89.8,92.9,95.0,0.0,4.0,0.0,1.0,0.0,0.0,0.0,2026-09-19 01:47:18,2026-08-19T10:10:52,100,91.35,0.03393541324575817,0,1.5720625,False,False
MTRN260918P00160000,2026-09-18,put,160.0,251.53,0.0,2.15,1.7,0.0,7.0,0.0,0.0,0.0,0.0,0.0,2026-09-19 01:47:18,2026-08-03T09:30:04,100,1.075,2.0,0,1.5720625,False,False
MTRN260918C00165000,2026-09-18,call,165.0,251.53,84.8,87.9,89.5,0.0,3.0,0.0,1.0,0.0,0.0,0.0,2026-09-19 01:47:18,2026-09-17T14:05:40,100,86.35,0.03590040532715702,0,1.5244242424242425,False,False
MTRN260918P00165000,2026-09-18,put,165.0,251.53,0.0,2.15,2.35,0.0,9.0,0.0,0.0,0.0,0.0,0.0,2026-09-19 01:47:18,2026-08-03T09:30:04,100,1.075,2.0,0,1.5244242424242425,False,False
MTRN260918C00170000,2026-09-18,call,170.0,251.53,79.8,83.4,83.81,0.0,5.0,0.0,1.0,0.0,0.0,0.0,2026-09-19 01:47:18,2026-07-14T13:54:02,100,81.6,0.044117647058823636,0,1.4795882352941176,False,False
MTRN260918P00170000,2026-09-18,put,170.0,251.53,0.0,2.15,0.5,0.0,5.0,0.0,0.0,0.0,0.0,0.0,2026-09-19 01:47:18,2026-08-05T09:34:35,100,1.075,2.0,0,1.4795882352941176,False,False
MTRN260918C00175000,2026-09-18,call,175.0,251.53,75.1,77.9,70.55,0.0,11.0,0.0,1.0,0.0,0.0,0.0,2026-09-19 01:47:18,2026-09-14T12:00:48,100,76.5,0.03660130718954263,0,1.4373142857142858,False,False
MTRN260918P00175000,2026-09-18,put,175.0,251.53,0.0,2.15,0.55,0.0,5.0,0.0,0.0,0.0,0.0,0.0,2026-09-19 01:47:18,2026-08-05T09:34:35,100,1.075,2.0,0,1.4373142857142858,False,False
MTRN260918C00180000,2026-09-18,call,180.0,251.53,69.8,73.4,48.0,0.0,5.0,0.0,1.0,0.0,0.0,0.0,2026-09-19 01:47:18,2026-06-01T13:07:58,100,71.6,0.05027932960893867,0,1.3973888888888888,False,False
MTRN260918P00180000,2026-09-18,put,180.0,251.53,0.0,2.15,0.7,0.0,2.0,0.0,0.0,0.0,0.0,0.0,2026-09-19 01:47:18,2026-08-05T09:34:35,100,1.075,2.0,0,1.3973888888888888,False,False
MTRN260918C00185000,2026-09-18,call,185.0,251.53,64.7,68.4,0.0,0.0,0.0,0.0,1.0,0.0,0.0,0.0,2026-09-19 01:47:18,,100,66.55000000000001,0.055597295266716786,0,1.3596216216216217,False,False
MTRN260918P00185000,2026-09-18,put,185.0,251.53,0.0,2.15,21.6,0.0,1.0,0.0,0.0,0.0,0.0,0.0,2026-09-19 01:47:18,2026-04-21T10:45:19,100,1.075,2.0,0,1.3596216216216217,False,False
MTRN260918C00190000,2026-09-18,call,190.0,251.53,59.8,62.9,96.84,0.0,2.0,0.0,1.0,0.0,0.0,0.0,2026-09-19 01:47:18,2026-08-14T15:15:15,100,61.349999999999994,0.05052974735126327,0,1.323842105263158,False,False
MTRN260918P00190000,2026-09-18,put,190.0,251.53,0.0,2.15,0.8,0.0,1.0,0.0,0.0,0.0,0.0,0.0,2026-09-19 01:47:18,2026-08-20T09:30:04,100,1.075,2.0,0,1.323842105263158,False,False
MTRN260918C00195000,2026-09-18,call,195.0,251.53,54.8,58.3,54.4,1.0,251.0,0.0,1.0,0.0,0.0,0.0,2026-09-19 01:47:18,2026-09-18T10:25:22,100,56.55,0.0618921308576481,0,1.289897435897436,False,False
MTRN260918P00195000,2026-09-18,put,195.0,251.53,0.0,2.15,1.55,0.0,1.0,0.0,0.0,0.0,0.0,0.0,2026-09-19 01:47:18,2026-08-21T09:30:07,100,1.075,2.0,0,1.289897435897436,False,False
MTRN260918C00200000,2026-09-18,call,200.0,251.53,49.8,52.9,75.95,0.0,0.0,0.0,1.0,0.0,0.0,0.0,2026-09-19 01:47:18,2026-06-17T14:52:37,100,51.349999999999994,0.06037000973709838,0,1.25765,False,False
MTRN260918P00200000,2026-09-18,put,200.0,251.53,0.0,2.15,0.27,0.0,4.0,0.0,0.0,0.0,0.0,0.0,2026-09-19 01:47:18,2026-09-14T09:30:02,100,1.075,2.0,0,1.25765,False,False
MTRN260918C00210000,2026-09-18,call,210.0,251.53,39.8,42.9,47.42,0.0,6.0,0.0,1.0,0.0,0.0,0.0,2026-09-19 01:47:18,2026-09-17T09:30:16,100,41.349999999999994,0.07496977025392991,0,1.1977619047619048,False,False
MTRN260918P00210000,2026-09-18,put,210.0,251.53,0.0,0.05,0.49,0.0,5.0,0.0,0.0,0.0,0.0,0.0,2026-09-19 01:47:18,2026-09-14T09:30:02,100,0.025,2.0,0,1.1977619047619048,False,False
MTRN260918C00220000,2026-09-18,call,220.0,251.53,30.1,32.9,29.22,6.0,30.0,0.0,1.0,0.0,0.0,0.0,2026-09-19 01:47:18,2026-09-18T15:10:15,100,31.5,0.0888888888888888,0,1.143318181818182,False,False
MTRN260918P00220000,2026-09-18,put,220.0,251.53,0.0,2.15,2.8,0.0,1.0,0.0,0.0,0.0,0.0,0.0,2026-09-19 01:47:18,2026-09-03T13:18:21,100,1.075,2.0,0,1.143318181818182,False,False
MTRN260918C00230000,2026-09-18,call,230.0,251.53,20.1,23.1,19.7,3.0,11.0,0.0,1.0,0.0,0.0,0.0,2026-09-19 01:47:18,2026-09-18T14:19:48,100,21.6,0.13888888888888887,0,1.093608695652174,False,False
MTRN260918P00230000,2026-09-18,put,230.0,251.53,0.0,2.2,1.5,0.0,13.0,0.0,0.0,0.0,0.0,0.0,2026-09-19 01:47:18,2026-09-09T15:23:14,100,1.1,2.0,0,1.093608695652174,False,False
MTRN260918C00240000,2026-09-18,call,240.0,251.53,10.1,12.9,19.2,0.0,259.0,0.0,1.0,0.0,0.0,0.0,2026-09-19 01:47:18,2026-09-08T11:21:50,100,11.5,0.24347826086956528,0,1.0480416666666668,False,False
MTRN260918P00240000,2026-09-18,put,240.0,251.53,0.0,2.15,2.24,0.0,10.0,6.4694,0.0,0.0,0.0,0.0,2026-09-19 01:47:18,2026-09-11T09:30:10,100,1.075,2.0,0,1.0480416666666668,False,False
MTRN260918C00250000,2026-09-18,call,250.0,251.53,0.15,2.0,2.0,2.0,7.0,0.0,0.9689,0.0731,-0.0115,0.0014,2026-09-19 01:47:18,2026-09-18T15:58:09,100,1.075,1.7209302325581397,0,1.00612,False,False
MTRN260918P00250000,2026-09-18,put,250.0,251.53,0.0,2.4,3.0,0.0,8.0,2.5634,-0.0311,0.0731,-0.0115,0.0014,2026-09-19 01:47:18,2026-09-17T10:29:01,100,1.2,2.0,0,1.00612,False,False
MTRN260918C00260000,2026-09-18,call,260.0,251.53,0.0,0.5,6.5,0.0,5.0,3.1171,0.0,0.0,0.0,0.0,2026-09-19 01:47:18,2026-09-11T15:22:52,100,0.25,2.0,0,0.9674230769230769,False,False
MTRN260918P00260000,2026-09-18,put,260.0,251.53,7.1,9.8,11.5,1.0,3.0,3.0523,-1.0,0.0,0.0,0.0,2026-09-19 01:47:18,2026-09-18T09:34:46,100,8.45,0.31952662721893504,0,0.9674230769230769,False,False
MTRN260918C00270000,2026-09-18,call,270.0,251.53,0.0,2.25,1.11,0.0,8.0,8.2825,0.0,0.0,0.0,0.0,2026-09-19 01:47:18,2026-09-14T09:30:02,100,1.125,2.0,0,0.9315925925925926,False,False
MTRN260918P00270000,2026-09-18,put,270.0,251.53,17.1,19.9,21.55,1.0,1.0,5.7853,-1.0,0.0,0.0,0.0,2026-09-19 01:47:18,2026-09-18T10:07:55,100,18.5,0.1513513513513512,0,0.9315925925925926,False,False
MTRN260918C00280000,2026-09-18,call,280.0,251.53,0.0,2.15,0.36,0.0,5.0,0.0,0.0,0.0,0.0,0.0,2026-09-19 01:47:18,2026-09-14T09:30:02,100,1.075,2.0,0,0.8983214285714286,False,False
MTRN260918P00280000,2026-09-18,put,280.0,251.53,27.1,29.9,28.8,0.0,0.0,8.0582,-1.0,0.0,0.0,0.0,2026-09-19 01:47:18,2026-09-17T14:57:57,100,28.5,0.09824561403508762,0,0.8983214285714286,False,False
MTRN260918C00290000,2026-09-18,call,290.0,251.53,0.0,0.75,2.0,0.0,22.0,0.0,0.0,0.0,0.0,0.0,2026-09-19 01:47:18,2026-09-08T11:52:35,100,0.375,2.0,0,0.8673448275862069,False,False
MTRN260918P00290000,2026-09-18,put,290.0,251.53,36.6,40.3,56.97,0.0,0.0,0.0,-1.0,0.0,0.0,0.0,2026-09-19 01:47:18,2026-08-20T14:38:12,100,38.45,0.09622886866059806,0,0.8673448275862069,False,False
MTRN260918C00300000,2026-09-18,call,300.0,251.53,0.0,0.05,0.65,0.0,7.0,0.0,0.0,0.0,0.0,0.0,2026-09-19 01:47:18,2026-09-08T09:30:03,100,0.025,2.0,0,0.8384333333333334,False,False
MTRN260918P00300000,2026-09-18,put,300.0,251.53,46.7,50.3,33.56,0.0,0.0,0.0,-1.0,0.0,0.0,0.0,2026-09-19 01:47:18,2026-08-06T09:47:43,100,48.5,0.07422680412371123,0,0.8384333333333334,False,False
MTRN260918C00310000,2026-09-18,call,310.0,251.53,0.0,2.15,0.95,0.0,9.0,0.0,0.0,0.0,0.0,0.0,2026-09-19 01:47:18,2026-09-08T13:19:58,100,1.075,2.0,0,0.8113870967741935,False,False
MTRN260918P00310000,2026-09-18,put,310.0,251.53,56.6,60.3,0.0,0.0,0.0,0.0,-1.0,0.0,0.0,0.0,2026-09-19 01:47:18,,100,58.45,0.06330196749358419,0,0.8113870967741935,False,False
MTRN260918C00320000,2026-09-18,call,320.0,251.53,0.0,2.15,1.12,0.0,9.0,0.0,0.0,0.0,0.0,0.0,2026-09-19 01:47:18,2026-09-01T12:59:28,100,1.075,2.0,0,0.78603125,False,False
MTRN260918P00320000,2026-09-18,put,320.0,251.53,66.6,70.3,36.8,0.0,0.0,0.0,-1.0,0.0,0.0,0.0,2026-09-19 01:47:18,2026-08-05T15:49:45,100,68.44999999999999,0.054054054054054106,0,0.78603125,False,False
MTRN260918C00330000,2026-09-18,call,330.0,251.53,0.0,2.15,1.07,0.0,3.0,0.0,0.0,0.0,0.0,0.0,2026-09-19 01:47:18,2026-09-01T12:59:28,100,1.075,2.0,0,0.7622121212121212,False,False
MTRN260918P00330000,2026-09-18,put,330.0,251.53,76.6,80.3,0.0,0.0,0.0,0.0,-1.0,0.0,0.0,0.0,2026-09-19 01:47:18,,100,78.44999999999999,0.04716379859783306,0,0.7622121212121212,False,False
MTRN260918C00340000,2026-09-18,call,340.0,251.53,0.0,2.15,3.42,0.0,2.0,0.0,0.0,0.0,0.0,0.0,2026-09-19 01:47:18,2026-06-09T09:31:54,100,1.075,2.0,0,0.7397941176470588,False,False
MTRN260918P00340000,2026-09-18,put,340.0,251.53,86.6,90.3,0.0,0.0,0.0,0.0,-1.0,0.0,0.0,0.0,2026-09-19 01:47:18,,100,88.44999999999999,0.0418315432447711,0,0.7397941176470588,False,False
MTRN260918C00350000,2026-09-18,call,350.0,251.53,0.0,2.15,5.39,0.0,53.0,0.0,0.0,0.0,0.0,0.0,2026-09-19 01:47:18,2026-08-06T10:42:14,100,1.075,2.0,0,0.7186571428571429,False,False
MTRN260918P00350000,2026-09-18,put,350.0,251.53,96.6,100.3,0.0,0.0,0.0,0.0,-1.0,0.0,0.0,0.0,2026-09-19 01:47:18,,100,98.44999999999999,0.03758252920264097,0,0.7186571428571429,False,False
MTRN260918C00360000,2026-09-18,call,360.0,251.53,0.0,2.15,1.75,0.0,4.0,0.0,0.0,0.0,0.0,0.0,2026-09-19 01:47:18,2026-08-18T09:30:03,100,1.075,2.0,0,0.6986944444444444,False,False
MTRN260918P00360000,2026-09-18,put,360.0,251.53,106.6,110.3,0.0,0.0,0.0,0.0,-1.0,0.0,0.0,0.0,2026-09-19 01:47:18,,100,108.44999999999999,0.034117104656523775,0,0.6986944444444444,False,False
MTRN260918C00370000,2026-09-18,call,370.0,251.53,0.0,2.15,2.1,0.0,3.0,0.0,0.0,0.0,0.0,0.0,2026-09-19 01:47:18,2026-08-13T09:30:02,100,1.075,2.0,0,0.6798108108108109,False,False
MTRN260918P00370000,2026-09-18,put,370.0,251.53,116.6,120.3,123.5,0.0,0.0,0.0,-1.0,0.0,0.0,0.0,2026-09-19 01:47:18,2026-07-21T09:40:41,100,118.44999999999999,0.03123680878007601,0,0.6798108108108109,False,False
MTRN260918C00380000,2026-09-18,call,380.0,251.53,0.0,2.15,1.6,0.0,1.0,0.0,0.0,0.0,0.0,0.0,2026-09-19 01:47:18,2026-08-13T09:30:02,100,1.075,2.0,0,0.661921052631579,False,False
MTRN260918P00380000,2026-09-18,put,380.0,251.53,126.6,130.3,0.0,0.0,0.0,0.0,-1.0,0.0,0.0,0.0,2026-09-19 01:47:18,,100,128.45,0.028804982483456733,0,0.661921052631579,False,False
MTRN260918C00390000,2026-09-18,call,390.0,251.53,0.0,2.15,2.45,0.0,1.0,0.0,0.0,0.0,0.0,0.0,2026-09-19 01:47:18,2026-08-10T09:30:02,100,1.075,2.0,0,0.644948717948718,False,False
MTRN260918P00390000,2026-09-18,put,390.0,251.53,136.6,140.3,0.0,0.0,0.0,0.0,-1.0,0.0,0.0,0.0,2026-09-19 01:47:18,,100,138.45,0.02672444925966065,0,0.644948717948718,False,False
MTRN260918C00400000,2026-09-18,call,400.0,251.53,0.0,2.15,1.95,0.0,4.0,0.0,0.0,0.0,0.0,0.0,2026-09-19 01:47:18,2026-08-10T09:30:03,100,1.075,2.0,0,0.628825,False,False
MTRN260918P00400000,2026-09-18,put,400.0,251.53,146.6,150.3,139.5,0.0,0.0,0.0,-1.0,0.0,0.0,0.0,2026-09-19 01:47:18,2026-08-19T09:51:30,100,148.45,0.024924216908049964,0,0.628825,False,False
MTRN260918C00410000,2026-09-18,call,410.0,251.53,0.0,2.15,1.6,0.0,2.0,0.0,0.0,0.0,0.0,0.0,2026-09-19 01:47:18,2026-08-10T09:30:03,100,1.075,2.0,0,0.6134878048780488,False,False
MTRN260918P00410000,2026-09-18,put,410.0,251.53,156.6,160.3,125.5,0.0,0.0,0.0,-1.0,0.0,0.0,0.0,2026-09-19 01:47:18,2026-08-11T09:37:21,100,158.45,0.023351214894288527,0,0.6134878048780488,False,False
MTRN260918C00420000,2026-09-18,call,420.0,251.53,0.0,2.15,0.0,0.0,0.0,0.0,0.0,0.0,0.0,0.0,2026-09-19 01:47:18,,100,1.075,2.0,0,0.5988809523809524,False,False
MTRN260918P00420000,2026-09-18,put,420.0,251.53,166.6,170.3,135.5,0.0,0.0,0.0,-1.0,0.0,0.0,0.0,2026-09-19 01:47:18,2026-08-11T09:37:21,100,168.45,0.021964974769961516,0,0.5988809523809524,False,False
MTRN260918C00430000,2026-09-18,call,430.0,251.53,0.0,2.15,1.13,0.0,1.0,0.0,0.0,0.0,0.0,0.0,2026-09-19 01:47:18,2026-08-13T12:51:43,100,1.075,2.0,0,0.584953488372093,False,False
MTRN260918P00430000,2026-09-18,put,430.0,251.53,176.6,180.3,0.0,0.0,0.0,0.0,-1.0,0.0,0.0,0.0,2026-09-19 01:47:18,,100,178.45,0.02073409918744756,0,0.584953488372093,False,False
MTRN261016C00170000,2026-10-16,call,170.0,251.53,79.9,84.1,0.0,0.0,0.0,0.0,0.9859,0.0008,-0.0289,0.0253,2026-09-19 01:47:18,,100,82.0,0.05121951219512181,28,1.4795882352941176,False,False
MTRN261016P00170000,2026-10-16,put,170.0,251.53,0.0,2.25,0.9,0.0,1.0,0.8848,-0.0142,0.0008,-0.029,0.0253,2026-09-19 01:47:18,2026-09-01T09:30:02,100,1.125,2.0,28,1.4795882352941176,False,False
MTRN261016C00175000,2026-10-16,call,175.0,251.53,75.0,79.2,0.0,0.0,0.0,0.0,0.9819,0.001,-0.0351,0.0314,2026-09-19 01:47:18,,100,77.1,0.05447470817120627,28,1.4373142857142858,False,False
MTRN261016P00175000,2026-10-16,put,175.0,251.53,0.0,2.3,1.25,0.0,3.0,0.8343,-0.0182,0.001,-0.0352,0.0315,2026-09-19 01:47:18,2026-09-01T09:30:02,100,1.15,2.0,28,1.4373142857142858,False,False
MTRN261016C00180000,2026-10-16,call,180.0,251.53,70.6,74.2,0.0,0.0,0.0,0.5647,0.9766,0.0012,-0.0425,0.0389,2026-09-19 01:47:18,,100,72.4,0.049723756906077464,28,1.3973888888888888,False,False
MTRN261016P00180000,2026-10-16,put,180.0,251.53,0.0,1.25,1.86,0.0,1.0,0.6918,-0.0235,0.0012,-0.0426,0.039,2026-09-19 01:47:18,2026-08-26T12:36:20,100,0.625,2.0,28,1.3973888888888888,False,False
MTRN261016C00185000,2026-10-16,call,185.0,251.53,65.7,69.1,65.4,1.0,0.0,0.4555,0.9699,0.0016,-0.0513,0.048,2026-09-19 01:47:18,2026-09-18T10:25:22,100,67.4,0.050445103857566634,28,1.3596216216216217,False,False
MTRN261016P00185000,2026-10-16,put,185.0,251.53,0.0,2.6,0.75,0.0,4.0,0.7488,-0.0302,0.0016,-0.0515,0.0481,2026-09-19 01:47:18,2026-09-14T09:30:03,100,1.3,2.0,28,1.3596216216216217,False,False
MTRN261016C00190000,2026-10-16,call,190.0,251.53,61.1,64.1,0.0,0.0,0.0,0.508,0.9614,0.002,-0.0617,0.0589,2026-09-19 01:47:18,,100,62.599999999999994,0.047923322683705964,28,1.323842105263158,False,False
MTRN261016P00190000,2026-10-16,put,190.0,251.53,0.0,2.0,1.75,0.0,3.0,0.6571,-0.0388,0.002,-0.0619,0.0592,2026-09-19 01:47:18,2026-08-31T09:30:04,100,1.0,2.0,28,1.323842105263158,False,False
MTRN261016C00195000,2026-10-16,call,195.0,251.53,56.0,59.7,0.0,0.0,0.0,0.5337,0.9505,0.0025,-0.0738,0.072,2026-09-19 01:47:18,,100,57.85,0.0639585133967157,28,1.289897435897436,False,False
MTRN261016P00195000,2026-10-16,put,195.0,251.53,0.0,2.95,0.0,0.0,0.0,0.6649,-0.0497,0.0025,-0.0741,0.0721,2026-09-19 01:47:18,,100,1.475,2.0,28,1.289897435897436,False,False
MTRN261016C00200000,2026-10-16,call,200.0,251.53,51.2,54.9,0.0,0.0,0.0,0.527,0.9368,0.0031,-0.0878,0.0872,2026-09-19 01:47:18,,100,53.05,0.06974552309142311,28,1.25765,False,False
MTRN261016P00200000,2026-10-16,put,200.0,251.53,0.0,3.0,0.81,0.0,3.0,0.6158,-0.0636,0.0031,-0.0882,0.0874,2026-09-19 01:47:18,2026-09-17T11:04:42,100,1.5,2.0,28,1.25765,False,False
MTRN261016C00210000,2026-10-16,call,210.0,251.53,42.1,45.8,0.0,0.0,0.0,0.5212,0.8983,0.0046,-0.1214,0.1246,2026-09-19 01:47:18,,100,43.95,0.08418657565415234,28,1.1977619047619048,False,False
MTRN261016P00210000,2026-10-16,put,210.0,251.53,0.0,4.1,3.07,0.0,2.0,0.5608,-0.1022,0.0046,-0.122,0.1248,2026-09-19 01:47:18,2026-09-15T10:23:25,100,2.05,2.0,28,1.1977619047619048,False,False
MTRN261016C00220000,2026-10-16,call,220.0,251.53,33.5,37.2,0.0,0.0,0.0,0.5104,0.8414,0.0064,-0.1607,0.1694,2026-09-19 01:47:18,,100,35.35,0.10466760961810474,28,1.143318181818182,False,False
MTRN261016P00220000,2026-10-16,put,220.0,251.53,1.1,5.3,5.57,0.0,14.0,0.5286,-0.1595,0.0065,-0.1616,0.1698,2026-09-19 01:47:18,2026-09-15T10:23:25,100,3.2,1.3124999999999998,28,1.143318181818182,False,False
MTRN261016C00230000,2026-10-16,call,230.0,251.53,25.7,29.0,0.0,0.0,0.0,0.4956,0.7632,0.0084,-0.201,0.2158,2026-09-19 01:47:18,,100,27.35,0.12065813528336382,28,1.093608695652174,False,False
MTRN261016P00230000,2026-10-16,put,230.0,251.53,3.0,7.3,0.0,0.0,0.0,0.5084,-0.2382,0.0085,-0.2023,0.2165,2026-09-19 01:47:18,,100,5.15,0.8349514563106796,28,1.093608695652174,False,False
MTRN261016C00240000,2026-10-16,call,240.0,251.53,19.5,22.9,27.51,0.0,2.0,0.5185,0.6657,0.0101,-0.2346,0.2542,2026-09-19 01:47:18,2026-09-09T10:01:39,100,21.2,0.16037735849056597,28,1.0480416666666668,False,False
MTRN261016P00240000,2026-10-16,put,240.0,251.53,6.4,10.5,0.0,0.0,0.0,0.508,-0.3364,0.0102,-0.2364,0.2545,2026-09-19 01:47:18,,100,8.45,0.48520710059171596,28,1.0480416666666668,False,False
MTRN261016C00250000,2026-10-16,call,250.0,251.53,13.5,17.5,0.0,0.0,0.0,0.5126,0.5572,0.011,-0.2542,0.2755,2026-09-19 01:47:18,,100,15.5,0.25806451612903225,28,1.00612,False,False
MTRN261016P00250000,2026-10-16,put,250.0,251.53,11.2,15.0,0.0,0.0,0.0,0.5158,-0.4458,0.0111,-0.2565,0.2755,2026-09-19 01:47:18,,100,13.1,0.29007633587786263,28,1.00612,False,False
MTRN261016C00260000,2026-10-16,call,260.0,251.53,9.4,13.0,16.65,0.0,2.0,0.5176,0.4492,0.0109,-0.2566,0.276,2026-09-19 01:47:18,2026-09-08T11:51:36,100,11.2,0.3214285714285714,28,0.9674230769230769,False,False
MTRN261016P00260000,2026-10-16,put,260.0,251.53,17.2,20.5,39.56,0.0,1.0,0.5226,-0.5549,0.011,-0.2595,0.2753,2026-09-19 01:47:18,2026-08-24T09:59:09,100,18.85,0.1750663129973475,28,0.9674230769230769,False,False
MTRN261016C00270000,2026-10-16,call,270.0,251.53,6.5,9.8,7.9,1.0,1.0,0.5318,0.3517,0.0101,-0.2438,0.259,2026-09-19 01:47:18,2026-09-18T09:44:57,100,8.15,0.40490797546012275,28,0.9315925925925926,False,False
MTRN261016P00270000,2026-10-16,put,270.0,251.53,24.2,27.5,0.0,0.0,0.0,0.5386,-0.6536,0.0102,-0.2474,0.2566,2026-09-19 01:47:18,,100,25.85,0.12765957446808512,28,0.9315925925925926,False,False
MTRN261016C00280000,2026-10-16,call,280.0,251.53,3.8,7.5,5.5,3.0,1.0,0.5351,0.27,0.0088,-0.2211,0.231,2026-09-19 01:47:18,2026-09-18T11:03:12,100,5.65,0.6548672566371682,28,0.8983214285714286,False,False
MTRN261016P00280000,2026-10-16,put,280.0,251.53,31.9,35.0,0.0,0.0,0.0,0.546,-0.7365,0.009,-0.2253,0.2276,2026-09-19 01:47:18,,100,33.45,0.09267563527653218,28,0.8983214285714286,False,False
MTRN261016C00290000,2026-10-16,call,290.0,251.53,2.0,6.0,3.87,3.0,4.0,0.5466,0.2052,0.0074,-0.1939,0.1987,2026-09-19 01:47:18,2026-09-18T11:03:12,100,4.0,1.0,28,0.8673448275862069,False,False
MTRN261016P00290000,2026-10-16,put,290.0,251.53,40.0,43.1,0.0,0.0,0.0,0.5396,-0.8026,0.0076,-0.1988,0.1937,2026-09-19 01:47:18,,100,41.55,0.07460890493381472,28,0.8673448275862069,False,False
MTRN261016C00300000,2026-10-16,call,300.0,251.53,0.85,4.6,3.5,0.0,2.0,0.5518,0.1553,0.006,-0.1662,0.1669,2026-09-19 01:47:18,2026-09-02T09:30:04,100,2.7249999999999996,1.3761467889908257,28,0.8384333333333334,False,False
MTRN261016P00300000,2026-10-16,put,300.0,251.53,49.2,51.9,45.5,0.0,1.0,0.5644,-0.8538,0.0062,-0.1719,0.1592,2026-09-19 01:47:18,2026-09-11T09:50:21,100,50.55,0.053412462908011785,28,0.8384333333333334,False,False
MTRN261016C00310000,2026-10-16,call,310.0,251.53,0.05,4.3,2.35,0.0,3.0,0.5825,0.1177,0.0048,-0.1403,0.1381,2026-09-19 01:47:18,2026-09-02T09:30:04,100,2.175,1.9540229885057472,28,0.8113870967741935,False,False
MTRN261016P00310000,2026-10-16,put,310.0,251.53,58.1,61.5,0.0,0.0,0.0,0.5716,-0.8926,0.0051,-0.1468,0.1282,2026-09-19 01:47:18,,100,59.8,0.056856187290969876,28,0.8113870967741935,False,False
MTRN261016C00320000,2026-10-16,call,320.0,251.53,0.0,3.7,1.7,0.0,6.0,0.6189,0.0896,0.0039,-0.1174,0.1134,2026-09-19 01:47:18,2026-09-02T09:30:05,100,1.85,2.0,28,0.78603125,False,False
MTRN261016P00320000,2026-10-16,put,320.0,251.53,67.5,71.0,0.0,0.0,0.0,0.5861,-0.9218,0.0041,-0.1246,0.1007,2026-09-19 01:47:18,,100,69.25,0.05054151624548736,28,0.78603125,False,False
MTRN261016C00330000,2026-10-16,call,330.0,251.53,0.0,3.3,2.25,0.0,6.0,0.6584,0.0686,0.0031,-0.0978,0.0926,2026-09-19 01:47:18,2026-09-09T09:30:02,100,1.65,2.0,28,0.7622121212121212,False,False
MTRN261016P00330000,2026-10-16,put,330.0,251.53,77.2,80.9,0.0,0.0,0.0,0.6118,-0.9439,0.0033,-0.1054,0.0792,2026-09-19 01:47:18,,100,79.05000000000001,0.04680581910183431,28,0.7622121212121212,False,False
MTRN261016C00340000,2026-10-16,call,340.0,251.53,0.0,2.9,1.6,0.0,5.0,0.6922,0.0529,0.0024,-0.0814,0.0756,2026-09-19 01:47:18,2026-09-09T09:30:02,100,1.45,2.0,28,0.7397941176470588,False,False
MTRN261016P00340000,2026-10-16,put,340.0,251.53,86.9,90.5,0.0,0.0,0.0,0.6149,-0.9603,0.0026,-0.0876,0.0568,2026-09-19 01:47:18,,100,88.7,0.040586245772266,28,0.7397941176470588,False,False
MTRN261120C00180000,2026-11-20,call,180.0,251.53,72.6,76.3,0.0,0.0,0.0,0.5537,0.9375,0.002,-0.0586,0.1298,2026-09-19 01:47:18,,100,74.44999999999999,0.04969778374748158,63,1.3973888888888888,False,False
MTRN261120P00180000,2026-11-20,put,180.0,251.53,0.15,3.7,1.75,1.0,0.0,0.5918,-0.0628,0.002,-0.0588,0.1299,2026-09-19 01:47:18,2026-09-18T09:30:02,100,1.925,1.8441558441558443,63,1.3973888888888888,False,False
MTRN261120C00185000,2026-11-20,call,185.0,251.53,68.1,71.5,0.0,0.0,0.0,0.542,0.9238,0.0024,-0.0679,0.1509,2026-09-19 01:47:18,,100,69.8,0.04871060171919779,63,1.3596216216216217,False,False
MTRN261120P00185000,2026-11-20,put,185.0,251.53,0.6,3.8,2.2,1.0,0.0,0.5726,-0.0767,0.0024,-0.0682,0.1517,2026-09-19 01:47:18,2026-09-18T09:30:02,100,2.1999999999999997,1.4545454545454546,63,1.3596216216216217,False,False
MTRN261120C00190000,2026-11-20,call,190.0,251.53,64.0,67.3,0.0,0.0,0.0,0.5584,0.9079,0.0028,-0.0778,0.174,2026-09-19 01:47:18,,100,65.65,0.05026656511805022,63,1.323842105263158,False,False
MTRN261120P00190000,2026-11-20,put,190.0,251.53,1.0,4.8,2.75,1.0,0.0,0.5769,-0.0927,0.0028,-0.0782,0.1744,2026-09-19 01:47:18,2026-09-18T09:30:02,100,2.9,1.3103448275862069,63,1.323842105263158,False,False
MTRN261120C00195000,2026-11-20,call,195.0,251.53,59.5,63.0,0.0,0.0,0.0,0.5507,0.8897,0.0032,-0.0883,0.198,2026-09-19 01:47:18,,100,61.25,0.05714285714285714,63,1.289897435897436,False,False
MTRN261120P00195000,2026-11-20,put,195.0,251.53,1.8,5.3,0.0,0.0,0.0,0.5715,-0.1109,0.0032,-0.0888,0.199,2026-09-19 01:47:18,,100,3.55,0.9859154929577465,63,1.289897435897436,False,False
MTRN261120C00200000,2026-11-20,call,200.0,251.53,55.5,59.0,0.0,0.0,0.0,0.5597,0.8692,0.0036,-0.0992,0.2232,2026-09-19 01:47:18,,100,57.25,0.0611353711790393,63,1.25765,False,False
MTRN261120P00200000,2026-11-20,put,200.0,251.53,2.0,5.6,0.0,0.0,0.0,0.5429,-0.1315,0.0036,-0.0998,0.2236,2026-09-19 01:47:18,,100,3.8,0.9473684210526315,63,1.25765,False,False
MTRN261120C00210000,2026-11-20,call,210.0,251.53,47.5,51.1,0.0,0.0,0.0,0.5526,0.8215,0.0044,-0.1215,0.2739,2026-09-19 01:47:18,,100,49.3,0.07302231237322518,63,1.1977619047619048,False,False
MTRN261120P00210000,2026-11-20,put,210.0,251.53,4.3,7.6,0.0,0.0,0.0,0.5472,-0.1796,0.0045,-0.1223,0.2746,2026-09-19 01:47:18,,100,5.949999999999999,0.5546218487394958,63,1.1977619047619048,False,False
MTRN261120C00220000,2026-11-20,call,220.0,251.53,40.5,43.9,0.0,0.0,0.0,0.5559,0.7656,0.0052,-0.1427,0.3216,2026-09-19 01:47:18,,100,42.2,0.08056872037914688,63,1.143318181818182,False,False
MTRN261120P00220000,2026-11-20,put,220.0,251.53,7.0,10.9,0.0,0.0,0.0,0.5565,-0.236,0.0053,-0.1438,0.3226,2026-09-19 01:47:18,,100,8.95,0.4357541899441342,63,1.143318181818182,False,False
MTRN261120C00230000,2026-11-20,call,230.0,251.53,34.0,37.7,0.0,0.0,0.0,0.5602,0.7035,0.0059,-0.1612,0.3621,2026-09-19 01:47:18,,100,35.85,0.10320781032078111,63,1.093608695652174,False,False
MTRN261120P00230000,2026-11-20,put,230.0,251.53,10.5,14.4,0.0,0.0,0.0,0.5582,-0.2986,0.0059,-0.1627,0.3629,2026-09-19 01:47:18,,100,12.45,0.31325301204819284,63,1.093608695652174,False,False
MTRN261120C00240000,2026-11-20,call,240.0,251.53,28.2,32.4,0.0,0.0,0.0,0.5662,0.6378,0.0063,-0.1756,0.3923,2026-09-19 01:47:18,,100,30.299999999999997,0.1386138613861386,63,1.0480416666666668,False,False
MTRN261120P00240000,2026-11-20,put,240.0,251.53,14.9,19.0,0.0,0.0,0.0,0.5669,-0.3649,0.0064,-0.1775,0.393,2026-09-19 01:47:18,,100,16.95,0.24188790560471976,63,1.0480416666666668,False,False
MTRN261120C00250000,2026-11-20,call,250.0,251.53,23.5,27.5,0.0,0.0,0.0,0.5729,0.5713,0.0066,-0.185,0.4107,2026-09-19 01:47:18,,100,25.5,0.1568627450980392,63,1.00612,False,False
MTRN261120P00250000,2026-11-20,put,250.0,251.53,20.0,24.2,0.0,0.0,0.0,0.5734,-0.4322,0.0067,-0.1875,0.4108,2026-09-19 01:47:18,,100,22.1,0.19004524886877824,63,1.00612,False,False
MTRN261120C00260000,2026-11-20,call,260.0,251.53,19.2,23.3,0.0,0.0,0.0,0.5765,0.5065,0.0066,-0.1895,0.4173,2026-09-19 01:47:18,,100,21.25,0.1929411764705883,63,0.9674230769230769,False,False
MTRN261120P00260000,2026-11-20,put,260.0,251.53,25.7,29.5,0.0,0.0,0.0,0.5718,-0.498,0.0068,-0.1925,0.4165,2026-09-19 01:47:18,,100,27.6,0.13768115942028988,63,0.9674230769230769,False,False
MTRN261120C00270000,2026-11-20,call,270.0,251.53,15.8,19.5,0.0,0.0,0.0,0.5808,0.4452,0.0065,-0.1894,0.4133,2026-09-19 01:47:18,,100,17.65,0.20963172804532576,63,0.9315925925925926,False,False
MTRN261120P00270000,2026-11-20,put,270.0,251.53,32.2,36.0,0.0,0.0,0.0,0.5791,-0.5604,0.0066,-0.1931,0.4117,2026-09-19 01:47:18,,100,34.1,0.11143695014662748,63,0.9315925925925926,False,False
MTRN261120C00280000,2026-11-20,call,280.0,251.53,12.8,16.0,0.0,0.0,0.0,0.58,0.3886,0.0063,-0.1855,0.4009,2026-09-19 01:47:18,,100,14.4,0.22222222222222215,63,0.8983214285714286,False,False
MTRN261120P00280000,2026-11-20,put,280.0,251.53,39.5,43.0,0.0,0.0,0.0,0.5886,-0.6182,0.0064,-0.1898,0.3979,2026-09-19 01:47:18,,100,41.25,0.08484848484848485,63,0.8983214285714286,False,False
MTRN261120C00290000,2026-11-20,call,290.0,251.53,10.3,14.0,0.0,0.0,0.0,0.5921,0.3375,0.0059,-0.1786,0.3822,2026-09-19 01:47:18,,100,12.15,0.30452674897119336,63,0.8673448275862069,False,False
MTRN261120P00290000,2026-11-20,put,290.0,251.53,46.9,50.5,0.0,0.0,0.0,0.5933,-0.6705,0.0061,-0.1836,0.3772,2026-09-19 01:47:18,,100,48.7,0.07392197125256676,63,0.8673448275862069,False,False
MTRN261120C00300000,2026-11-20,call,300.0,251.53,7.9,12.0,0.0,0.0,0.0,0.5946,0.2921,0.0055,-0.1696,0.3595,2026-09-19 01:47:18,,100,9.95,0.4120603015075377,63,0.8384333333333334,False,False
MTRN261120P00300000,2026-11-20,put,300.0,251.53,55.0,58.5,0.0,0.0,0.0,0.6014,-0.7173,0.0057,-0.1752,0.3512,2026-09-19 01:47:18,,100,56.75,0.06167400881057269,63,0.8384333333333334,False,False
MTRN261120C00310000,2026-11-20,call,310.0,251.53,6.1,10.0,0.0,0.0,0.0,0.5949,0.2522,0.005,-0.1593,0.334,2026-09-19 01:47:18,,100,8.05,0.484472049689441,63,0.8113870967741935,False,False
MTRN261120P00310000,2026-11-20,put,310.0,251.53,63.2,66.9,0.0,0.0,0.0,0.6047,-0.7586,0.0052,-0.1656,0.3244,2026-09-19 01:47:18,,100,65.05000000000001,0.05687932359723293,63,0.8113870967741935,False,False
MTRN261120C00320000,2026-11-20,call,320.0,251.53,4.6,9.0,0.0,0.0,0.0,0.6058,0.2174,0.0046,-0.1482,0.3078,2026-09-19 01:47:18,,100,6.8,0.6470588235294118,63,0.78603125,False,False
MTRN261120P00320000,2026-11-20,put,320.0,251.53,71.7,75.4,0.0,0.0,0.0,0.6072,-0.7948,0.0048,-0.1552,0.2954,2026-09-19 01:47:18,,100,73.55000000000001,0.05030591434398372,63,0.78603125,False,False
MTRN261218C00090000,2026-12-18,call,90.0,251.53,160.4,164.4,200.68,0.0,1.0,0.0,0.9992,0.0,-0.001,0.003,2026-09-19 01:47:18,2026-08-10T09:32:18,100,162.4,0.02463054187192118,91,2.7947777777777776,False,False
MTRN261218P00090000,2026-12-18,put,90.0,251.53,0.0,2.15,0.0,0.0,0.0,1.1361,-0.0007,0.0,-0.001,0.003,2026-09-19 01:47:18,,100,1.075,2.0,91,2.7947777777777776,False,False
MTRN261218C00095000,2026-12-18,call,95.0,251.53,155.3,159.5,80.2,0.0,1.0,0.0,0.999,0.0,-0.0014,0.0042,2026-09-19 01:47:18,2026-04-29T10:35:57,100,157.4,0.026683608640406534,91,2.647684210526316,False,False
MTRN261218P00095000,2026-12-18,put,95.0,251.53,0.0,2.15,0.85,0.0,1.0,1.0814,-0.001,0.0,-0.0014,0.0042,2026-09-19 01:47:18,2026-05-06T09:30:01,100,1.075,2.0,91,2.647684210526316,False,False
MTRN261218C00100000,2026-12-18,call,100.0,251.53,150.2,154.6,75.9,0.0,1.0,0.0,0.9985,0.0,-0.002,0.0058,2026-09-19 01:47:18,2026-04-29T10:35:57,100,152.39999999999998,0.028871391076115527,91,2.5153,False,False
MTRN261218P00100000,2026-12-18,put,100.0,251.53,0.0,2.15,0.0,0.0,0.0,1.0297,-0.0014,0.0,-0.002,0.0058,2026-09-19 01:47:18,,100,1.075,2.0,91,2.5153,False,False
MTRN261218C00105000,2026-12-18,call,105.0,251.53,145.4,149.6,0.0,0.0,0.0,0.0,0.998,0.0001,-0.0026,0.008,2026-09-19 01:47:18,,100,147.5,0.028474576271186363,91,2.3955238095238096,False,False
MTRN261218P00105000,2026-12-18,put,105.0,251.53,0.0,2.15,0.0,0.0,0.0,0.9806,-0.002,0.0001,-0.0026,0.008,2026-09-19 01:47:18,,100,1.075,2.0,91,2.3955238095238096,False,False
MTRN261218C00110000,2026-12-18,call,110.0,251.53,140.4,144.7,146.0,0.0,4.0,0.0,0.9972,0.0001,-0.0035,0.0107,2026-09-19 01:47:18,2026-08-19T10:10:52,100,142.55,0.030164854437039514,91,2.286636363636364,False,False
MTRN261218P00110000,2026-12-18,put,110.0,251.53,0.0,2.15,0.75,0.0,1.0,0.9338,-0.0027,0.0001,-0.0035,0.0107,2026-09-19 01:47:18,2026-07-28T09:30:02,100,1.075,2.0,91,2.286636363636364,False,False
MTRN261218C00115000,2026-12-18,call,115.0,251.53,135.5,139.8,137.5,0.0,2.0,0.0,0.9962,0.0001,-0.0046,0.0143,2026-09-19 01:47:18,2026-07-13T10:16:52,100,137.65,0.03123864874682173,91,2.187217391304348,False,False
MTRN261218P00115000,2026-12-18,put,115.0,251.53,0.0,2.2,0.0,0.0,0.0,0.8928,-0.0038,0.0001,-0.0047,0.0144,2026-09-19 01:47:18,,100,1.1,2.0,91,2.187217391304348,False,False
MTRN261218C00120000,2026-12-18,call,120.0,251.53,130.6,134.8,128.5,0.0,2.0,0.0,0.9948,0.0002,-0.0061,0.0188,2026-09-19 01:47:18,2026-06-12T11:25:15,100,132.7,0.03165033911077632,91,2.0960833333333335,False,False
MTRN261218P00120000,2026-12-18,put,120.0,251.53,0.0,2.2,1.65,0.0,1.0,0.8499,-0.0051,0.0002,-0.0061,0.0189,2026-09-19 01:47:18,2026-06-02T09:30:02,100,1.1,2.0,91,2.0960833333333335,False,False
MTRN261218C00125000,2026-12-18,call,125.0,251.53,125.9,129.9,136.0,0.0,3.0,0.56,0.993,0.0002,-0.0078,0.0245,2026-09-19 01:47:18,2026-08-19T09:56:13,100,127.9,0.03127443315089914,91,2.01224,False,False
MTRN261218P00125000,2026-12-18,put,125.0,251.53,0.0,2.25,0.95,0.0,3.0,0.8121,-0.0069,0.0002,-0.0078,0.0246,2026-09-19 01:47:18,2026-07-22T09:30:05,100,1.125,2.0,91,2.01224,False,False
MTRN261218C00130000,2026-12-18,call,130.0,251.53,120.8,125.0,167.0,0.0,3.0,0.5257,0.9908,0.0003,-0.01,0.0314,2026-09-19 01:47:18,2026-08-07T09:59:47,100,122.9,0.03417412530512614,91,1.9348461538461539,False,False
MTRN261218P00130000,2026-12-18,put,130.0,251.53,0.0,2.3,1.1,0.0,4.0,0.7756,-0.0092,0.0003,-0.01,0.0315,2026-09-19 01:47:18,2026-07-22T09:30:05,100,1.15,2.0,91,1.9348461538461539,False,False
MTRN261218C00135000,2026-12-18,call,135.0,251.53,116.0,120.1,0.0,0.0,0.0,0.4927,0.9879,0.0004,-0.0126,0.0399,2026-09-19 01:47:18,,100,118.05,0.034731046166878395,91,1.8631851851851853,False,False
MTRN261218P00135000,2026-12-18,put,135.0,251.53,0.0,2.4,1.35,0.0,1.0,0.7433,-0.0121,0.0004,-0.0126,0.04,2026-09-19 01:47:18,2026-07-22T09:30:05,100,1.2,2.0,91,1.8631851851851853,False,False
MTRN261218C00140000,2026-12-18,call,140.0,251.53,111.1,115.2,0.0,0.0,0.0,0.5635,0.9843,0.0005,-0.0157,0.05,2026-09-19 01:47:18,,100,113.15,0.03623508616880255,91,1.7966428571428572,False,False
MTRN261218P00140000,2026-12-18,put,140.0,251.53,0.0,2.5,0.8,0.0,1.0,0.7117,-0.0157,0.0005,-0.0157,0.0502,2026-09-19 01:47:18,2026-08-06T09:30:02,100,1.25,2.0,91,1.7966428571428572,False,False
MTRN261218C00145000,2026-12-18,call,145.0,251.53,106.2,110.4,125.3,0.0,1.0,0.5438,0.9798,0.0007,-0.0193,0.062,2026-09-19 01:47:18,2026-06-17T14:14:51,100,108.30000000000001,0.03878116343490307,91,1.7346896551724138,False,False
MTRN261218P00145000,2026-12-18,put,145.0,251.53,0.0,2.65,0.85,0.0,1.0,0.6834,-0.0202,0.0007,-0.0194,0.0621,2026-09-19 01:47:18,2026-08-06T09:30:02,100,1.325,2.0,91,1.7346896551724138,False,False
MTRN261218C00150000,2026-12-18,call,150.0,251.53,101.5,105.5,103.1,0.0,2.0,0.5128,0.9743,0.0008,-0.0235,0.0758,2026-09-19 01:47:18,2026-07-23T11:14:21,100,103.5,0.03864734299516908,91,1.6768666666666667,False,False
MTRN261218P00150000,2026-12-18,put,150.0,251.53,0.0,2.9,1.0,0.0,3.0,0.6602,-0.0257,0.0008,-0.0236,0.0763,2026-09-19 01:47:18,2026-08-10T09:30:02,100,1.45,2.0,91,1.6768666666666667,False,False
MTRN261218C00155000,2026-12-18,call,155.0,251.53,97.7,100.7,0.0,0.0,0.0,0.5791,0.9677,0.001,-0.0283,0.0916,2026-09-19 01:47:18,,100,99.2,0.030241935483870965,91,1.622774193548387,False,False
MTRN261218P00155000,2026-12-18,put,155.0,251.53,0.0,3.1,1.15,0.0,2.0,0.6342,-0.0323,0.001,-0.0285,0.0918,2026-09-19 01:47:18,2026-08-13T09:30:02,100,1.55,2.0,91,1.622774193548387,False,False
MTRN261218C00160000,2026-12-18,call,160.0,251.53,92.7,96.0,0.0,0.0,0.0,0.5464,0.9598,0.0012,-0.0338,0.1096,2026-09-19 01:47:18,,100,94.35,0.034976152623211416,91,1.5720625,False,False
MTRN261218P00160000,2026-12-18,put,160.0,251.53,0.0,3.1,1.35,0.0,2.0,0.5999,-0.0403,0.0012,-0.0339,0.1101,2026-09-19 01:47:18,2026-08-13T09:30:02,100,1.55,2.0,91,1.5720625,False,False
MTRN261218C00165000,2026-12-18,call,165.0,251.53,88.0,91.2,92.3,0.0,1.0,0.5343,0.9506,0.0014,-0.0398,0.1293,2026-09-19 01:47:18,2026-09-17T14:29:45,100,89.6,0.03571428571428575,91,1.5244242424242425,False,False
MTRN261218P00165000,2026-12-18,put,165.0,251.53,0.0,3.5,1.55,1.0,9.0,0.5822,-0.0496,0.0014,-0.04,0.1297,2026-09-19 01:47:18,2026-09-18T09:30:03,100,1.75,2.0,91,1.5244242424242425,False,False
MTRN261218C00170000,2026-12-18,call,170.0,251.53,83.6,86.7,73.0,0.0,1.0,0.5432,0.9398,0.0017,-0.0463,0.1512,2026-09-19 01:47:18,2026-06-11T10:14:34,100,85.15,0.0364063417498533,91,1.4795882352941176,False,False
MTRN261218P00170000,2026-12-18,put,170.0,251.53,0.05,3.9,1.95,1.0,2.0,0.5648,-0.0604,0.0017,-0.0466,0.1517,2026-09-19 01:47:18,2026-09-18T09:30:03,100,1.9749999999999999,1.949367088607595,91,1.4795882352941176,False,False
MTRN261218C00175000,2026-12-18,call,175.0,251.53,79.0,82.1,87.0,0.0,0.0,0.5343,0.9275,0.0019,-0.0534,0.1743,2026-09-19 01:47:18,2026-06-15T15:57:28,100,80.55,0.038485412787088696,91,1.4373142857142858,False,False
MTRN261218P00175000,2026-12-18,put,175.0,251.53,0.5,3.9,2.4,1.0,2.0,0.546,-0.0728,0.0019,-0.0537,0.1748,2026-09-19 01:47:18,2026-09-18T09:30:03,100,2.2,1.5454545454545452,91,1.4373142857142858,False,False
MTRN261218C00180000,2026-12-18,call,180.0,251.53,74.5,77.7,60.0,0.0,12.0,0.5308,0.9135,0.0022,-0.0609,0.1993,2026-09-19 01:47:18,2026-06-09T12:24:14,100,76.1,0.0420499342969777,91,1.3973888888888888,False,False
MTRN261218P00180000,2026-12-18,put,180.0,251.53,1.55,4.2,2.7,0.0,5.0,0.5506,-0.0868,0.0022,-0.0613,0.2,2026-09-19 01:47:18,2026-08-12T09:30:03,100,2.875,0.9217391304347827,91,1.3973888888888888,False,False
MTRN261218C00185000,2026-12-18,call,185.0,251.53,70.0,73.7,58.0,0.0,1.0,0.5377,0.8979,0.0025,-0.0687,0.2249,2026-09-19 01:47:18,2026-05-26T14:38:13,100,71.85,0.05149617258176761,91,1.3596216216216217,False,False
MTRN261218P00185000,2026-12-18,put,185.0,251.53,1.5,5.3,0.0,0.0,0.0,0.5422,-0.1026,0.0025,-0.0692,0.2257,2026-09-19 01:47:18,,100,3.4,1.1176470588235294,91,1.3596216216216217,False,False
MTRN261218C00190000,2026-12-18,call,190.0,251.53,66.0,69.6,92.17,0.0,54.0,0.5382,0.8806,0.0028,-0.0768,0.2517,2026-09-19 01:47:18,2026-06-23T11:05:17,100,67.8,0.05309734513274328,91,1.323842105263158,False,False
MTRN261218P00190000,2026-12-18,put,190.0,251.53,2.0,6.2,0.0,0.0,0.0,0.5359,-0.12,0.0028,-0.0774,0.2526,2026-09-19 01:47:18,,100,4.1,1.024390243902439,91,1.323842105263158,False,False
MTRN261218C00195000,2026-12-18,call,195.0,251.53,62.0,65.6,50.0,0.0,14.0,0.5414,0.8616,0.0031,-0.085,0.2784,2026-09-19 01:47:18,2026-08-25T11:39:36,100,63.8,0.05642633228840117,91,1.289897435897436,False,False
MTRN261218P00195000,2026-12-18,put,195.0,251.53,3.0,7.0,18.5,0.0,6.0,0.5376,-0.1391,0.0032,-0.0857,0.2795,2026-09-19 01:47:18,2026-08-03T14:55:24,100,5.0,0.8,91,1.289897435897436,False,False
MTRN261218C00200000,2026-12-18,call,200.0,251.53,58.0,61.7,64.6,0.0,8.0,0.5396,0.8411,0.0034,-0.0931,0.3055,2026-09-19 01:47:18,2026-07-21T09:51:51,100,59.85,0.0618212197159566,91,1.25765,False,False
MTRN261218P00200000,2026-12-18,put,200.0,251.53,4.0,8.1,14.7,0.0,1.0,0.5379,-0.1598,0.0035,-0.094,0.3066,2026-09-19 01:47:18,2026-08-21T12:45:17,100,6.05,0.6776859504132231,91,1.25765,False,False
MTRN261218C00210000,2026-12-18,call,210.0,251.53,50.6,54.5,73.1,0.0,14.0,0.5406,0.7958,0.004,-0.109,0.3572,2026-09-19 01:47:18,2026-06-17T15:59:46,100,52.55,0.07421503330161748,91,1.1977619047619048,False,False
MTRN261218P00210000,2026-12-18,put,210.0,251.53,6.5,10.8,10.8,0.0,6.0,0.54,-0.206,0.0041,-0.1102,0.3588,2026-09-19 01:47:18,2026-09-02T10:24:52,100,8.65,0.49710982658959546,91,1.1977619047619048,False,False
MTRN261218C00220000,2026-12-18,call,220.0,251.53,44.3,48.2,53.0,0.0,8.0,0.5529,0.7457,0.0046,-0.1233,0.4037,2026-09-19 01:47:18,2026-09-08T13:11:23,100,46.25,0.08432432432432445,91,1.143318181818182,False,False
MTRN261218P00220000,2026-12-18,put,220.0,251.53,10.2,14.4,16.49,0.0,61.0,0.5532,-0.2567,0.0046,-0.1249,0.4053,2026-09-19 01:47:18,2026-08-28T10:12:16,100,12.3,0.3414634146341464,91,1.143318181818182,False,False
MTRN261218C00230000,2026-12-18,call,230.0,251.53,38.5,42.0,39.0,0.0,38.0,0.5616,0.6922,0.005,-0.1354,0.4424,2026-09-19 01:47:18,2026-09-08T09:34:51,100,40.25,0.08695652173913043,91,1.093608695652174,False,False
MTRN261218P00230000,2026-12-18,put,230.0,251.53,14.4,18.5,16.9,0.0,2.0,0.5614,-0.3109,0.0051,-0.1374,0.4441,2026-09-19 01:47:18,2026-08-18T13:06:35,100,16.45,0.2492401215805471,91,1.093608695652174,False,False
MTRN261218C00240000,2026-12-18,call,240.0,251.53,33.2,36.5,32.6,0.0,25.0,0.5638,0.6368,0.0053,-0.1448,0.4718,2026-09-19 01:47:18,2026-09-10T10:18:06,100,34.85,0.09469153515064554,91,1.0480416666666668,False,False
MTRN261218P00240000,2026-12-18,put,240.0,251.53,19.3,23.0,34.86,0.0,1.0,0.5672,-0.3671,0.0054,-0.1471,0.4727,2026-09-19 01:47:18,2026-06-11T13:10:47,100,21.15,0.17494089834515364,91,1.0480416666666668,False,False
MTRN261218C00250000,2026-12-18,call,250.0,251.53,28.2,32.0,25.5,0.0,17.0,0.5621,0.581,0.0055,-0.1511,0.4911,2026-09-19 01:47:18,2026-08-26T12:53:22,100,30.1,0.12624584717607976,91,1.00612,False,False
MTRN261218P00250000,2026-12-18,put,250.0,251.53,24.3,28.0,26.6,0.0,10.0,0.5666,-0.4239,0.0056,-0.1539,0.4913,2026-09-19 01:47:18,2026-09-14T09:30:02,100,26.15,0.14149139579349904,91,1.00612,False,False
MTRN261218C00260000,2026-12-18,call,260.0,251.53,23.5,27.5,30.2,0.0,11.0,0.5573,0.5262,0.0056,-0.1544,0.5003,2026-09-19 01:47:18,2026-09-08T11:21:50,100,25.5,0.1568627450980392,91,0.9674230769230769,False,False
MTRN261218P00260000,2026-12-18,put,260.0,251.53,29.6,33.5,25.0,0.0,1.0,0.5628,-0.4798,0.0058,-0.1577,0.4996,2026-09-19 01:47:18,2026-08-11T10:28:17,100,31.55,0.12361331220285257,91,0.9674230769230769,False,False
MTRN261218C00270000,2026-12-18,call,270.0,251.53,19.7,23.5,17.0,0.0,3.0,0.5611,0.4733,0.0056,-0.1549,0.5002,2026-09-19 01:47:18,2026-08-21T13:04:14,100,21.6,0.17592592592592596,91,0.9315925925925926,False,False
MTRN261218P00270000,2026-12-18,put,270.0,251.53,35.6,39.5,28.84,0.0,2.0,0.5602,-0.5339,0.0057,-0.1587,0.498,2026-09-19 01:47:18,2026-08-05T13:07:14,100,37.55,0.10386151797603192,91,0.9315925925925926,False,False
MTRN261218C00280000,2026-12-18,call,280.0,251.53,16.5,20.0,14.54,0.0,8.0,0.5559,0.4233,0.0055,-0.1529,0.4921,2026-09-19 01:47:18,2026-09-03T10:14:53,100,18.25,0.1917808219178082,91,0.8983214285714286,False,False
MTRN261218P00280000,2026-12-18,put,280.0,251.53,42.4,46.5,35.0,0.0,52.0,0.5659,-0.5853,0.0056,-0.1572,0.4877,2026-09-19 01:47:18,2026-08-10T10:05:43,100,44.45,0.09223847019122612,91,0.8983214285714286,False,False
MTRN261218C00290000,2026-12-18,call,290.0,251.53,13.9,17.5,12.8,0.0,12.0,0.5652,0.3766,0.0053,-0.1488,0.4773,2026-09-19 01:47:18,2026-08-21T10:38:50,100,15.7,0.22929936305732482,91,0.8673448275862069,False,False
MTRN261218P00290000,2026-12-18,put,290.0,251.53,49.7,53.5,0.0,0.0,0.0,0.5674,-0.6334,0.0055,-0.1537,0.4714,2026-09-19 01:47:18,,100,51.6,0.07364341085271311,91,0.8673448275862069,False,False
MTRN261218C00300000,2026-12-18,call,300.0,251.53,11.5,15.0,11.2,0.0,22.0,0.5642,0.3337,0.005,-0.143,0.4572,2026-09-19 01:47:18,2026-08-24T15:49:51,100,13.25,0.2641509433962264,91,0.8384333333333334,False,False
MTRN261218P00300000,2026-12-18,put,300.0,251.53,57.4,61.5,49.0,0.0,6.0,0.5698,-0.6779,0.0052,-0.1486,0.4481,2026-09-19 01:47:18,2026-08-06T09:42:04,100,59.45,0.06896551724137934,91,0.8384333333333334,False,False
MTRN261218C00310000,2026-12-18,call,310.0,251.53,9.5,13.5,8.2,0.0,60.0,0.5734,0.2945,0.0048,-0.136,0.4337,2026-09-19 01:47:18,2026-09-01T10:02:45,100,11.5,0.34782608695652173,91,0.8113870967741935,False,False
MTRN261218P00310000,2026-12-18,put,310.0,251.53,65.6,69.5,49.7,0.0,1.0,0.5806,-0.7187,0.005,-0.1424,0.4203,2026-09-19 01:47:18,2026-06-30T13:16:46,100,67.55,0.057735011102886834,91,0.8113870967741935,False,False
MTRN261218C00320000,2026-12-18,call,320.0,251.53,7.6,12.0,28.26,0.0,9.0,0.5772,0.2592,0.0044,-0.1283,0.4073,2026-09-19 01:47:18,2026-08-12T10:54:43,100,9.8,0.4489795918367347,91,0.78603125,False,False
MTRN261218P00320000,2026-12-18,put,320.0,251.53,73.9,78.0,51.14,0.0,6.0,0.5805,-0.7557,0.0047,-0.1353,0.3917,2026-09-19 01:47:18,2026-08-05T15:45:10,100,75.95,0.05398288347597096,91,0.78603125,False,False
MTRN261218C00330000,2026-12-18,call,330.0,251.53,6.1,10.5,9.5,0.0,1.0,0.5796,0.2276,0.0041,-0.12,0.3798,2026-09-19 01:47:18,2026-06-10T11:52:02,100,8.3,0.5301204819277109,91,0.7622121212121212,False,False
MTRN261218P00330000,2026-12-18,put,330.0,251.53,82.4,86.5,57.2,0.0,2.0,0.5905,-0.7892,0.0044,-0.1277,0.3578,2026-09-19 01:47:18,2026-08-05T15:27:23,100,84.45,0.048549437537004074,91,0.7622121212121212,False,False
MTRN261218C00340000,2026-12-18,call,340.0,251.53,4.8,9.1,7.3,0.0,1.0,0.5797,0.1995,0.0038,-0.1115,0.3518,2026-09-19 01:47:18,2026-08-31T13:23:48,100,6.949999999999999,0.6187050359712231,91,0.7397941176470588,False,False
MTRN261218P00340000,2026-12-18,put,340.0,251.53,91.3,95.4,119.6,0.0,1.0,0.5871,-0.8193,0.0041,-0.1199,0.327,2026-09-19 01:47:18,2026-06-05T09:35:30,100,93.35,0.04392072844134985,91,0.7397941176470588,False,False
MTRN261218C00350000,2026-12-18,call,350.0,251.53,3.7,8.1,5.61,0.0,5.0,0.5828,0.1746,0.0035,-0.103,0.324,2026-09-19 01:47:18,2026-08-24T15:49:51,100,5.9,0.7457627118644067,91,0.7186571428571429,False,False
MTRN261218P00350000,2026-12-18,put,350.0,251.53,100.2,104.3,0.0,0.0,0.0,0.5905,-0.8462,0.0038,-0.1122,0.2925,2026-09-19 01:47:18,,100,102.25,0.04009779951100239,91,0.7186571428571429,False,False
MTRN261218C00360000,2026-12-18,call,360.0,251.53,3.0,7.0,16.4,0.0,1.0,0.5855,0.1526,0.0032,-0.0947,0.297,2026-09-19 01:47:18,2026-06-23T12:33:55,100,5.0,0.8,91,0.6986944444444444,False,False
MTRN261218P00360000,2026-12-18,put,360.0,251.53,109.3,113.1,0.0,0.0,0.0,0.5894,-0.8702,0.0035,-0.1046,0.2609,2026-09-19 01:47:18,,100,111.19999999999999,0.03417266187050357,91,0.6986944444444444,False,False
MTRN261218C00370000,2026-12-18,call,370.0,251.53,2.0,6.3,16.3,0.0,1.0,0.5843,0.1336,0.0029,-0.0869,0.2717,2026-09-19 01:47:18,2026-08-05T12:36:13,100,4.15,1.0361445783132528,91,0.6798108108108109,False,False
MTRN261218P00370000,2026-12-18,put,370.0,251.53,118.6,122.2,0.0,0.0,0.0,0.5889,-0.8917,0.0032,-0.0978,0.2274,2026-09-19 01:47:18,,100,120.4,0.029900332225913692,91,0.6798108108108109,False,False
MTRN261218C00380000,2026-12-18,call,380.0,251.53,1.5,5.2,5.6,0.0,1.0,0.58,0.1166,0.0026,-0.0793,0.2471,2026-09-19 01:47:18,2026-09-09T09:30:03,100,3.35,1.1044776119402986,91,0.661921052631579,False,False
MTRN261218P00380000,2026-12-18,put,380.0,251.53,128.1,131.9,0.0,0.0,0.0,0.5939,-0.9108,0.003,-0.091,0.1982,2026-09-19 01:47:18,,100,130.0,0.029230769230769317,91,0.661921052631579,False,False
MTRN261218C00390000,2026-12-18,call,390.0,251.53,1.0,4.9,4.8,0.0,3.0,0.5881,0.1019,0.0024,-0.0721,0.2244,2026-09-19 01:47:18,2026-09-09T09:30:03,100,2.95,1.3220338983050848,91,0.644948717948718,False,False
MTRN261218P00390000,2026-12-18,put,390.0,251.53,137.6,141.2,147.8,0.0,1.0,0.5953,-0.9279,0.0028,-0.0844,0.1641,2026-09-19 01:47:18,2026-09-14T13:15:14,100,139.39999999999998,0.025824964131994223,91,0.644948717948718,False,False
MTRN261218C00400000,2026-12-18,call,400.0,251.53,0.5,4.9,4.2,0.0,5.0,0.6008,0.089,0.0021,-0.0655,0.2029,2026-09-19 01:47:18,2026-09-09T09:30:02,100,2.7,1.6296296296296298,91,0.628825,False,False
MTRN261218P00400000,2026-12-18,put,400.0,251.53,147.2,150.8,0.0,0.0,0.0,0.5928,-0.9429,0.0025,-0.079,0.1369,2026-09-19 01:47:18,,100,149.0,0.024161073825503507,91,0.628825,False,False
MTRN261218C00410000,2026-12-18,call,410.0,251.53,0.05,4.2,3.7,0.0,2.0,0.5934,0.0777,0.0019,-0.0593,0.1836,2026-09-19 01:47:18,2026-09-09T09:30:03,100,2.125,1.9529411764705884,91,0.6134878048780488,False,False
MTRN261218P00410000,2026-12-18,put,410.0,251.53,157.0,160.6,0.0,0.0,0.0,0.5931,-0.9562,0.0023,-0.0748,0.1048,2026-09-19 01:47:18,,100,158.8,0.02267002518891684,91,0.6134878048780488,False,False
MTRN261218C00420000,2026-12-18,call,420.0,251.53,0.0,4.2,1.5,0.0,10.0,0.6141,0.0679,0.0017,-0.0536,0.1655,2026-09-19 01:47:18,2026-09-15T15:31:27,100,2.1,2.0,91,0.5988809523809524,False,False
MTRN261218P00420000,2026-12-18,put,420.0,251.53,166.7,170.9,0.0,0.0,0.0,0.6164,-0.9674,0.002,-0.0666,0.0847,2026-09-19 01:47:18,,100,168.8,0.024881516587677826,91,0.5988809523809524,False,False
MTRN261218C00430000,2026-12-18,call,430.0,251.53,0.0,3.9,2.55,0.0,3.0,0.6263,0.0594,0.0015,-0.0484,0.1491,2026-09-19 01:47:18,2026-09-09T09:30:02,100,1.95,2.0,91,0.584953488372093,False,False
MTRN261218P00430000,2026-12-18,put,430.0,251.53,176.7,180.9,0.0,0.0,0.0,0.6391,-0.9767,0.0016,-0.0549,0.0578,2026-09-19 01:47:18,,100,178.8,0.023489932885906135,91,0.584953488372093,False,False
MTRN270319C00100000,2027-03-19,call,100.0,251.53,151.8,155.8,192.08,0.0,2.0,0.5007,0.9925,0.0002,-0.0001,0.0409,2026-09-19 01:47:18,2026-08-10T09:32:18,100,153.8,0.02600780234070221,182,2.5153,False,False
MTRN270319P00100000,2027-03-19,put,100.0,251.53,0.0,2.4,1.4,0.0,1.0,0.7515,-0.0084,0.0002,-0.0066,0.0412,2026-09-19 01:47:18,2026-08-03T09:30:04,100,1.2,2.0,182,2.5153,False,False
MTRN270319C00105000,2027-03-19,call,105.0,251.53,147.0,151.1,0.0,0.0,0.0,0.4615,0.9902,0.0003,-0.0018,0.0506,2026-09-19 01:47:18,,100,149.05,0.027507547802750713,182,2.3955238095238096,False,False
MTRN270319P00105000,2027-03-19,put,105.0,251.53,0.0,2.5,1.75,0.0,1.0,0.7215,-0.0107,0.0003,-0.0081,0.0508,2026-09-19 01:47:18,2026-08-03T09:30:04,100,1.25,2.0,182,2.3955238095238096,False,False
MTRN270319C00110000,2027-03-19,call,110.0,251.53,142.4,146.3,0.0,0.0,0.0,0.542,0.9874,0.0003,-0.0037,0.0619,2026-09-19 01:47:18,,100,144.35000000000002,0.02701766539660551,182,2.286636363636364,False,False
MTRN270319P00110000,2027-03-19,put,110.0,251.53,0.0,2.65,0.8,0.0,1.0,0.6952,-0.0135,0.0003,-0.0098,0.0623,2026-09-19 01:47:18,2026-08-06T09:30:12,100,1.325,2.0,182,2.286636363636364,False,False
MTRN270319C00115000,2027-03-19,call,115.0,251.53,137.5,141.5,0.0,0.0,0.0,0.524,0.9841,0.0004,-0.0059,0.075,2026-09-19 01:47:18,,100,139.5,0.02867383512544803,182,2.187217391304348,False,False
MTRN270319P00115000,2027-03-19,put,115.0,251.53,0.0,2.85,0.9,0.0,2.0,0.6719,-0.0169,0.0004,-0.0118,0.0752,2026-09-19 01:47:18,2026-08-06T09:30:12,100,1.425,2.0,182,2.187217391304348,False,False
MTRN270319C00120000,2027-03-19,call,120.0,251.53,132.7,136.9,0.0,0.0,0.0,0.5416,0.9801,0.0005,-0.0084,0.0897,2026-09-19 01:47:18,,100,134.8,0.031157270029673716,182,2.0960833333333335,False,False
MTRN270319P00120000,2027-03-19,put,120.0,251.53,0.0,3.1,1.0,0.0,3.0,0.6511,-0.0209,0.0005,-0.0141,0.0904,2026-09-19 01:47:18,2026-09-09T09:30:02,100,1.55,2.0,182,2.0960833333333335,False,False
MTRN270319C00125000,2027-03-19,call,125.0,251.53,128.1,131.9,0.0,0.0,0.0,0.5339,0.9754,0.0006,-0.0111,0.1065,2026-09-19 01:47:18,,100,130.0,0.029230769230769317,182,2.01224,False,False
MTRN270319P00125000,2027-03-19,put,125.0,251.53,0.0,3.2,1.2,1.0,1.0,0.6243,-0.0256,0.0006,-0.0167,0.107,2026-09-19 01:47:18,2026-09-18T09:30:02,100,1.6,2.0,182,2.01224,False,False
MTRN270319C00130000,2027-03-19,call,130.0,251.53,124.1,127.4,159.7,0.0,1.0,0.5543,0.97,0.0007,-0.0141,0.1249,2026-09-19 01:47:18,2026-08-13T09:38:11,100,125.75,0.026242544731610428,182,1.9348461538461539,False,False
MTRN270319P00130000,2027-03-19,put,130.0,251.53,0.0,3.4,1.45,1.0,2.0,0.602,-0.031,0.0007,-0.0195,0.1257,2026-09-19 01:47:18,2026-09-18T09:30:02,100,1.7,2.0,182,1.9348461538461539,False,False
MTRN270319C00135000,2027-03-19,call,135.0,251.53,119.6,122.6,0.0,0.0,0.0,0.5471,0.9638,0.0008,-0.0173,0.1454,2026-09-19 01:47:18,,100,121.1,0.02477291494632535,182,1.8631851851851853,False,False
MTRN270319P00135000,2027-03-19,put,135.0,251.53,0.0,4.2,1.8,1.0,3.0,0.5998,-0.0374,0.0008,-0.0226,0.1462,2026-09-19 01:47:18,2026-09-18T09:30:02,100,2.1,2.0,182,1.8631851851851853,False,False
MTRN270319C00140000,2027-03-19,call,140.0,251.53,115.2,118.2,0.0,0.0,0.0,0.5546,0.9567,0.0009,-0.0209,0.1673,2026-09-19 01:47:18,,100,116.7,0.02570694087403599,182,1.7966428571428572,False,False
MTRN270319P00140000,2027-03-19,put,140.0,251.53,0.15,4.0,2.2,1.0,1.0,0.5693,-0.0445,0.0009,-0.0259,0.1682,2026-09-19 01:47:18,2026-09-18T09:30:10,100,2.075,1.855421686746988,182,1.7966428571428572,False,False
MTRN270319C00145000,2027-03-19,call,145.0,251.53,110.8,113.7,0.0,0.0,0.0,0.5531,0.9487,0.001,-0.0246,0.1913,2026-09-19 01:47:18,,100,112.25,0.025835189309576886,182,1.7346896551724138,False,False
MTRN270319P00145000,2027-03-19,put,145.0,251.53,0.65,4.9,2.6,0.0,1.0,0.5796,-0.0526,0.0011,-0.0295,0.1927,2026-09-19 01:47:18,2026-09-09T09:30:02,100,2.7750000000000004,1.5315315315315314,182,1.7346896551724138,False,False
MTRN270319C00150000,2027-03-19,call,150.0,251.53,106.0,109.6,141.4,0.0,3.0,0.5482,0.9397,0.0012,-0.0286,0.2164,2026-09-19 01:47:18,2026-08-13T09:33:33,100,107.8,0.03339517625231906,182,1.6768666666666667,False,False
MTRN270319P00150000,2027-03-19,put,150.0,251.53,1.0,5.1,2.65,0.0,2.0,0.5643,-0.0617,0.0012,-0.0334,0.2174,2026-09-19 01:47:18,2026-08-10T15:30:01,100,3.05,1.3442622950819672,182,1.6768666666666667,False,False
MTRN270319C00155000,2027-03-19,call,155.0,251.53,101.3,105.3,0.0,0.0,0.0,0.5475,0.9298,0.0014,-0.0328,0.243,2026-09-19 01:47:18,,100,103.3,0.03872216844143272,182,1.622774193548387,False,False
MTRN270319P00155000,2027-03-19,put,155.0,251.53,1.5,5.7,0.0,0.0,0.0,0.5601,-0.0717,0.0014,-0.0374,0.245,2026-09-19 01:47:18,,100,3.6,1.1666666666666667,182,1.622774193548387,False,False
MTRN270319C00160000,2027-03-19,call,160.0,251.53,97.5,101.0,0.0,0.0,0.0,0.5513,0.9189,0.0015,-0.0371,0.2707,2026-09-19 01:47:18,,100,99.25,0.03526448362720403,182,1.5720625,False,False
MTRN270319P00160000,2027-03-19,put,160.0,251.53,2.5,6.3,3.95,0.0,1.0,0.5627,-0.0827,0.0015,-0.0416,0.272,2026-09-19 01:47:18,2026-08-10T15:30:01,100,4.4,0.8636363636363635,182,1.5720625,False,False
MTRN270319C00165000,2027-03-19,call,165.0,251.53,93.1,96.9,0.0,0.0,0.0,0.5494,0.9071,0.0017,-0.0416,0.299,2026-09-19 01:47:18,,100,95.0,0.04000000000000012,182,1.5244242424242425,False,False
MTRN270319P00165000,2027-03-19,put,165.0,251.53,3.0,7.1,0.0,0.0,0.0,0.5566,-0.0947,0.0017,-0.046,0.3015,2026-09-19 01:47:18,,100,5.05,0.8118811881188118,182,1.5244242424242425,False,False
MTRN270319C00170000,2027-03-19,call,170.0,251.53,89.2,93.0,87.4,0.0,1.0,0.5479,0.8943,0.0018,-0.0462,0.3283,2026-09-19 01:47:18,2026-09-10T09:32:20,100,91.1,0.0417124039517014,182,1.4795882352941176,False,False
MTRN270319P00170000,2027-03-19,put,170.0,251.53,4.0,8.0,0.0,0.0,0.0,0.5578,-0.1077,0.0019,-0.0504,0.3304,2026-09-19 01:47:18,,100,6.0,0.6666666666666666,182,1.4795882352941176,False,False
MTRN270319C00175000,2027-03-19,call,175.0,251.53,85.3,89.1,0.0,0.0,0.0,0.551,0.8806,0.002,-0.0508,0.3574,2026-09-19 01:47:18,,100,87.19999999999999,0.04357798165137612,182,1.4373142857142858,False,False
MTRN270319P00175000,2027-03-19,put,175.0,251.53,5.0,9.0,0.0,0.0,0.0,0.5573,-0.1216,0.002,-0.055,0.3597,2026-09-19 01:47:18,,100,7.0,0.5714285714285714,182,1.4373142857142858,False,False
MTRN270319C00180000,2027-03-19,call,180.0,251.53,81.7,85.3,114.6,0.0,2.0,0.5508,0.866,0.0022,-0.0554,0.3869,2026-09-19 01:47:18,2026-08-11T09:37:35,100,83.5,0.04311377245508975,182,1.3973888888888888,False,False
MTRN270319P00180000,2027-03-19,put,180.0,251.53,6.0,10.1,0.0,0.0,0.0,0.5555,-0.1364,0.0022,-0.0595,0.3902,2026-09-19 01:47:18,,100,8.05,0.5093167701863354,182,1.3973888888888888,False,False
MTRN270319C00185000,2027-03-19,call,185.0,251.53,78.0,81.6,0.0,0.0,0.0,0.5493,0.8507,0.0024,-0.06,0.4162,2026-09-19 01:47:18,,100,79.8,0.045112781954887146,182,1.3596216216216217,False,False
MTRN270319P00185000,2027-03-19,put,185.0,251.53,7.5,11.4,0.0,0.0,0.0,0.5597,-0.152,0.0024,-0.064,0.4186,2026-09-19 01:47:18,,100,9.45,0.4126984126984128,182,1.3596216216216217,False,False
MTRN270319C00190000,2027-03-19,call,190.0,251.53,74.2,78.1,81.9,0.0,2.0,0.5501,0.8345,0.0025,-0.0645,0.4446,2026-09-19 01:47:18,2026-07-22T15:25:35,100,76.15,0.05121470781352582,182,1.323842105263158,False,False
MTRN270319P00190000,2027-03-19,put,190.0,251.53,8.8,12.8,0.0,0.0,0.0,0.5598,-0.1684,0.0026,-0.0685,0.4478,2026-09-19 01:47:18,,100,10.8,0.37037037037037035,182,1.323842105263158,False,False
MTRN270319C00195000,2027-03-19,call,195.0,251.53,70.6,74.7,71.7,0.0,11.0,0.5526,0.8177,0.0027,-0.0689,0.4727,2026-09-19 01:47:18,2026-07-24T14:34:08,100,72.65,0.0564349621472816,182,1.289897435897436,False,False
MTRN270319P00195000,2027-03-19,put,195.0,251.53,10.3,14.2,11.0,0.0,1.0,0.5596,-0.1856,0.0027,-0.0728,0.4762,2026-09-19 01:47:18,2026-08-11T13:55:37,100,12.25,0.3183673469387754,182,1.289897435897436,False,False
MTRN270319C00200000,2027-03-19,call,200.0,251.53,67.4,71.3,83.0,0.0,7.0,0.5506,0.8003,0.0028,-0.0732,0.4996,2026-09-19 01:47:18,2026-08-18T15:34:53,100,69.35,0.056236481614996274,182,1.25765,False,False
MTRN270319P00200000,2027-03-19,put,200.0,251.53,11.7,15.8,13.71,0.0,1.0,0.5581,-0.2033,0.0029,-0.0771,0.5024,2026-09-19 01:47:18,2026-09-11T09:56:25,100,13.75,0.29818181818181827,182,1.25765,False,False
MTRN270319C00210000,2027-03-19,call,210.0,251.53,61.1,65.2,52.48,0.0,10.0,0.5502,0.7639,0.0031,-0.0812,0.5496,2026-09-19 01:47:18,2026-08-21T09:30:06,100,63.150000000000006,0.06492478226444974,182,1.1977619047619048,False,False
MTRN270319P00210000,2027-03-19,put,210.0,251.53,15.5,19.3,16.5,0.0,1.0,0.5612,-0.2406,0.0032,-0.085,0.5531,2026-09-19 01:47:18,2026-08-06T15:53:36,100,17.4,0.21839080459770122,182,1.1977619047619048,False,False
MTRN270319C00220000,2027-03-19,call,220.0,251.53,55.0,59.3,88.8,0.0,3.0,0.5506,0.7259,0.0034,-0.0884,0.5935,2026-09-19 01:47:18,2026-08-10T11:00:12,100,57.15,0.07524059492563424,182,1.143318181818182,False,False
MTRN270319P00220000,2027-03-19,put,220.0,251.53,19.2,23.2,20.4,0.0,5.0,0.5587,-0.2794,0.0034,-0.0922,0.5974,2026-09-19 01:47:18,2026-08-06T12:17:02,100,21.2,0.18867924528301888,182,1.143318181818182,False,False
MTRN270319C00230000,2027-03-19,call,230.0,251.53,49.6,54.0,48.0,0.0,9.0,0.5558,0.6871,0.0036,-0.0945,0.6307,2026-09-19 01:47:18,2026-09-04T10:50:25,100,51.8,0.08494208494208492,182,1.093608695652174,False,False
MTRN270319P00230000,2027-03-19,put,230.0,251.53,23.5,27.8,0.0,0.0,0.0,0.5597,-0.3192,0.0037,-0.0983,0.6334,2026-09-19 01:47:18,,100,25.65,0.16764132553606242,182,1.093608695652174,False,False
MTRN270319C00240000,2027-03-19,call,240.0,251.53,44.7,49.2,36.6,0.0,4.0,0.5578,0.6481,0.0037,-0.0995,0.6605,2026-09-19 01:47:18,2026-09-03T10:42:43,100,46.95,0.09584664536741214,182,1.0480416666666668,False,False
MTRN270319P00240000,2027-03-19,put,240.0,251.53,28.8,32.7,0.0,0.0,0.0,0.5637,-0.3596,0.0039,-0.1035,0.6628,2026-09-19 01:47:18,,100,30.75,0.12682926829268298,182,1.0480416666666668,False,False
MTRN270319C00250000,2027-03-19,call,250.0,251.53,40.4,44.8,40.2,0.0,12.0,0.5608,0.6092,0.0039,-0.1034,0.6828,2026-09-19 01:47:18,2026-09-14T12:00:48,100,42.599999999999994,0.1032863849765258,182,1.00612,False,False
MTRN270319P00250000,2027-03-19,put,250.0,251.53,34.3,38.2,0.0,0.0,0.0,0.5672,-0.3997,0.004,-0.1075,0.6838,2026-09-19 01:47:18,,100,36.25,0.10758620689655188,182,1.00612,False,False
MTRN270319C00260000,2027-03-19,call,260.0,251.53,36.4,40.9,43.35,0.0,0.0,0.5625,0.5711,0.0039,-0.1062,0.6981,2026-09-19 01:47:18,2026-09-11T09:55:55,100,38.65,0.1164294954721863,182,0.9674230769230769,False,False
MTRN270319P00260000,2027-03-19,put,260.0,251.53,39.8,44.0,0.0,0.0,0.0,0.5669,-0.4393,0.0041,-0.1104,0.6977,2026-09-19 01:47:18,,100,41.9,0.10023866348448694,182,0.9674230769230769,False,False
MTRN270319C00270000,2027-03-19,call,270.0,251.53,32.7,36.9,62.8,0.0,1.0,0.5624,0.534,0.004,-0.108,0.7066,2026-09-19 01:47:18,2026-08-10T10:40:03,100,34.8,0.12068965517241369,182,0.9315925925925926,False,False
MTRN270319P00270000,2027-03-19,put,270.0,251.53,46.0,50.0,0.0,0.0,0.0,0.5673,-0.4782,0.0041,-0.1124,0.7034,2026-09-19 01:47:18,,100,48.0,0.08333333333333333,182,0.9315925925925926,False,False
MTRN270319C00280000,2027-03-19,call,280.0,251.53,29.0,33.5,55.15,0.0,1.0,0.5646,0.4983,0.004,-0.1089,0.709,2026-09-19 01:47:18,2026-08-05T10:52:17,100,31.25,0.144,182,0.8983214285714286,False,False
MTRN270319P00280000,2027-03-19,put,280.0,251.53,52.5,56.5,46.1,0.0,3.0,0.5689,-0.5154,0.0042,-0.1134,0.7043,2026-09-19 01:47:18,2026-08-06T10:24:12,100,54.5,0.07339449541284404,182,0.8983214285714286,False,False
MTRN270319C00290000,2027-03-19,call,290.0,251.53,26.1,30.0,52.1,0.0,5.0,0.5611,0.4643,0.0039,-0.1089,0.7063,2026-09-19 01:47:18,2026-08-05T13:06:22,100,28.05,0.13903743315508016,182,0.8673448275862069,False,False
MTRN270319P00290000,2027-03-19,put,290.0,251.53,58.9,63.3,0.0,0.0,0.0,0.5665,-0.5516,0.0042,-0.1136,0.6965,2026-09-19 01:47:18,,100,61.099999999999994,0.07201309328968902,182,0.8673448275862069,False,False
MTRN270319C00300000,2027-03-19,call,300.0,251.53,23.2,27.4,0.0,0.0,0.0,0.563,0.4318,0.0039,-0.1082,0.6986,2026-09-19 01:47:18,,100,25.299999999999997,0.1660079051383399,182,0.8384333333333334,False,False
MTRN270319P00300000,2027-03-19,put,300.0,251.53,66.0,70.3,57.0,0.0,2.0,0.5663,-0.586,0.0041,-0.113,0.6865,2026-09-19 01:47:18,2026-08-06T10:54:52,100,68.15,0.06309611151870868,182,0.8384333333333334,False,False
MTRN270319C00310000,2027-03-19,call,310.0,251.53,20.6,25.0,0.0,0.0,0.0,0.5653,0.4011,0.0038,-0.1068,0.6871,2026-09-19 01:47:18,,100,22.8,0.1929824561403508,182,0.8113870967741935,False,False
MTRN270319P00310000,2027-03-19,put,310.0,251.53,73.5,77.8,62.8,0.0,2.0,0.5678,-0.6187,0.0041,-0.1119,0.6698,2026-09-19 01:47:18,2026-08-10T10:27:28,100,75.65,0.056840713813615294,182,0.8113870967741935,False,False
MTRN270319C00320000,2027-03-19,call,320.0,251.53,18.4,22.5,41.6,0.0,1.0,0.5646,0.3722,0.0037,-0.1049,0.6724,2026-09-19 01:47:18,2026-08-17T10:49:10,100,20.45,0.2004889975550123,182,0.78603125,False,False
MTRN270319P00320000,2027-03-19,put,320.0,251.53,81.3,85.5,66.3,0.0,1.0,0.5706,-0.6496,0.004,-0.1102,0.649,2026-09-19 01:47:18,2026-08-05T15:09:59,100,83.4,0.05035971223021586,182,0.78603125,False,False
MTRN270319C00330000,2027-03-19,call,330.0,251.53,16.5,20.9,37.7,0.0,1.0,0.5704,0.3451,0.0036,-0.1025,0.6548,2026-09-19 01:47:18,2026-08-05T11:43:25,100,18.7,0.23529411764705876,182,0.7622121212121212,False,False
MTRN270319P00330000,2027-03-19,put,330.0,251.53,89.2,93.5,73.0,0.0,1.0,0.5721,-0.6789,0.0039,-0.1082,0.6288,2026-09-19 01:47:18,2026-08-05T15:09:59,100,91.35,0.04707170224411601,182,0.7622121212121212,False,False
MTRN270319C00340000,2027-03-19,call,340.0,251.53,14.6,19.0,34.9,0.0,1.0,0.5708,0.3198,0.0035,-0.0998,0.6357,2026-09-19 01:47:18,2026-08-05T11:43:25,100,16.8,0.2619047619047619,182,0.7397941176470588,False,False
MTRN270319P00340000,2027-03-19,put,340.0,251.53,97.5,101.8,0.0,0.0,0.0,0.5757,-0.7064,0.0038,-0.1056,0.5993,2026-09-19 01:47:18,,100,99.65,0.04315102860010032,182,0.7397941176470588,False,False
MTRN270319C00350000,2027-03-19,call,350.0,251.53,13.0,17.5,32.85,0.0,1.0,0.5739,0.2962,0.0033,-0.0968,0.6143,2026-09-19 01:47:18,2026-08-10T15:30:01,100,15.25,0.29508196721311475,182,0.7186571428571429,False,False
MTRN270319P00350000,2027-03-19,put,350.0,251.53,106.0,110.7,0.0,0.0,0.0,0.5777,-0.7323,0.0037,-0.103,0.5765,2026-09-19 01:47:18,,100,108.35,0.043377941855099245,182,0.7186571428571429,False,False
MTRN270319C00360000,2027-03-19,call,360.0,251.53,11.7,16.0,11.0,0.0,6.0,0.5785,0.2743,0.0032,-0.0937,0.5924,2026-09-19 01:47:18,2026-09-14T14:19:53,100,13.85,0.31046931407942246,182,0.6986944444444444,False,False
MTRN270319P00360000,2027-03-19,put,360.0,251.53,114.5,119.4,0.0,0.0,0.0,0.5812,-0.7566,0.0036,-0.1002,0.5449,2026-09-19 01:47:18,,100,116.95,0.041898247114151396,182,0.6986944444444444,False,False
MTRN270319C00370000,2027-03-19,call,370.0,251.53,10.6,15.0,0.0,0.0,0.0,0.5833,0.254,0.0031,-0.0904,0.5698,2026-09-19 01:47:18,,100,12.8,0.34375,182,0.6798108108108109,False,False
MTRN270319P00370000,2027-03-19,put,370.0,251.53,123.5,128.0,0.0,0.0,0.0,0.5853,-0.7793,0.0035,-0.097,0.5123,2026-09-19 01:47:18,,100,125.75,0.03578528827037773,182,0.6798108108108109,False,False
MTRN270319C00380000,2027-03-19,call,380.0,251.53,9.5,14.0,0.0,0.0,0.0,0.5878,0.2351,0.0029,-0.087,0.5464,2026-09-19 01:47:18,,100,11.75,0.3829787234042553,182,0.661921052631579,False,False
MTRN270319P00380000,2027-03-19,put,380.0,251.53,133.2,136.9,0.0,0.0,0.0,0.5951,-0.8007,0.0034,-0.0943,0.4846,2026-09-19 01:47:18,,100,135.05,0.027397260273972726,182,0.661921052631579,False,False
MTRN270319C00390000,2027-03-19,call,390.0,251.53,8.6,13.0,0.0,0.0,0.0,0.592,0.2177,0.0028,-0.0835,0.5234,2026-09-19 01:47:18,,100,10.8,0.40740740740740744,182,0.644948717948718,False,False
MTRN270319P00390000,2027-03-19,put,390.0,251.53,142.3,145.9,0.0,0.0,0.0,0.5964,-0.8207,0.0032,-0.0912,0.4505,2026-09-19 01:47:18,,100,144.10000000000002,0.024982650936849368,182,0.644948717948718,False,False
MTRN270319C00400000,2027-03-19,call,400.0,251.53,7.6,12.2,22.0,0.0,2.0,0.5954,0.2016,0.0027,-0.08,0.5006,2026-09-19 01:47:18,2026-08-17T10:58:20,100,9.899999999999999,0.4646464646464647,182,0.628825,False,False
MTRN270319P00400000,2027-03-19,put,400.0,251.53,151.3,154.7,0.0,0.0,0.0,0.6006,-0.8392,0.0031,-0.0879,0.4159,2026-09-19 01:47:18,,100,153.0,0.022222222222222074,182,0.628825,False,False
MTRN270319C00410000,2027-03-19,call,410.0,251.53,6.8,11.5,0.0,0.0,0.0,0.599,0.1867,0.0025,-0.0766,0.4774,2026-09-19 01:47:18,,100,9.15,0.5136612021857924,182,0.6134878048780488,False,False
MTRN270319P00410000,2027-03-19,put,410.0,251.53,160.7,164.1,0.0,0.0,0.0,0.6035,-0.8569,0.003,-0.0849,0.3852,2026-09-19 01:47:18,,100,162.39999999999998,0.020935960591133042,182,0.6134878048780488,False,False
MTRN270319C00420000,2027-03-19,call,420.0,251.53,6.0,10.6,0.0,0.0,0.0,0.603,0.173,0.0024,-0.0732,0.4552,2026-09-19 01:47:18,,100,8.3,0.5542168674698794,182,0.5988809523809524,False,False
MTRN270319P00420000,2027-03-19,put,420.0,251.53,169.9,173.4,0.0,0.0,0.0,0.6067,-0.8735,0.0029,-0.0816,0.3536,2026-09-19 01:47:18,,100,171.65,0.020390329158170694,182,0.5988809523809524,False,False
