factor,beta,se,lo,hi,p_value,mean_factor,mean_contribution,panel,ticker,model
const,0.00754418009456982,0.007720417185626897,-0.007587559534882982,0.022675919724022622,0.32848371301902834,1.0,0.00754418009456982,long,MTRN,M0
MKT,1.244577238745251,0.249395949170836,0.7557701604802305,1.7333843170102714,6.026477802824841e-07,0.01081732283464567,0.013462993784159258,long,MTRN,M0
const,0.007936508914450512,0.0076478601088388965,-0.0070530214576743026,0.022926039286575328,0.299389986687819,1.0,0.007936508914450512,long,ENTG,M0
MKT,1.3386071154664707,0.12547660339292077,1.0926774919139297,1.5845367390190117,1.4340623180678935e-26,0.01081732283464567,0.014480145316754626,long,ENTG,M0
const,0.014203838146551379,0.011256760679663962,-0.007859007368176605,0.03626668366127936,0.20701892302263492,1.0,0.014203838146551379,long,CRS,M0
MKT,1.6825855218121788,0.24291952170430609,1.2064720081300429,2.1586990354943145,4.313365394011197e-12,0.01081732283464567,0.01820107078634308,long,CRS,M0
const,0.01653628061228973,0.012420206306563663,-0.0078068764291322965,0.040879437653711756,0.18305695451750892,1.0,0.01653628061228973,long,ATI,M0
MKT,1.4601888907501854,0.2832824987457426,0.9049653957580169,2.015412385742354,2.542642495704533e-07,0.01081732283464567,0.01579533463080791,long,ATI,M0
const,0.009895344434371584,0.007021069422701494,-0.0038656987670787728,0.02365638763582194,0.15872327196770752,1.0,0.009895344434371584,long,MTRN,M1
MKT,1.1351612585539659,0.2197003008421086,0.7045565815108181,1.5657659355971136,2.3805618277331103e-07,0.01081732283464567,0.012279405803160932,long,MTRN,M1
SMB,1.6425934154339863,0.3131753874096496,1.0287809352666943,2.2564058956012785,1.5631343334736267e-07,-0.0014102362204724413,-0.0023164447299545434,long,MTRN,M1
HML,0.616373912444294,0.1771094798469613,0.2692457106236273,0.9635021142649607,0.0005010659969084568,0.0005496062992125979,0.00033876298494969824,long,MTRN,M1
MOM,0.703716717151866,0.3141890489198113,0.08791749693214268,1.3195159373715892,0.025104719133953315,0.0011511811023622047,0.0008101053862015969,long,MTRN,M1
const,0.010361832474251056,0.008044494680071599,-0.0054050873725133425,0.026128752321015455,0.19772331879553262,1.0,0.010361832474251056,long,ENTG,M1
MKT,1.2212230940654676,0.17193094024522632,0.8842446433567159,1.5582015447742192,1.2208960980654327e-12,0.01081732283464567,0.013210364461631019,long,ENTG,M1
SMB,0.9855358777686045,0.4320609388957342,0.13871199840640447,1.8323597571308046,0.022547779061070663,-0.0014102362204724413,-0.0013898383914043868,long,ENTG,M1
HML,-0.11662153385185424,0.3035797772345584,-0.7116269636662814,0.4783838959625729,0.7008639484425303,0.0005496062992125979,-6.40959296288143e-05,long,ENTG,M1
MOM,0.2592047556584849,0.42481185044408676,-0.5734111714177409,1.0918206827347108,0.5417533963895107,0.0011511811023622047,0.00029839161635646056,long,ENTG,M1
const,0.01898237619662844,0.009828004681275862,-0.0002801590185632988,0.03824491141182018,0.05342646449523418,1.0,0.01898237619662844,long,CRS,M1
MKT,1.3961897106713272,0.18173629612395156,1.039993115584676,1.7523863057579785,1.5600941607319438e-14,0.01081732283464567,0.015103034838742278,long,CRS,M1
SMB,1.498420207142924,0.3704536827913725,0.7723443309316084,2.2244960833542398,5.236228948301854e-05,-0.0014102362204724413,-0.0021131264496007697,long,CRS,M1
HML,0.9232373364415414,0.2874045010281415,0.3599348654316791,1.4865398074514036,0.0013166426324640833,0.0005496062992125979,0.0005074170557765316,long,CRS,M1
MOM,-0.06497041038828455,0.3105675204354726,-0.673671565209718,0.543730744433149,0.8342929038953794,0.0011511811023622047,-7.479270865171024e-05,long,CRS,M1
const,0.022924727563557883,0.01015843659971336,0.003014557688886168,0.0428348974382296,0.0240256962214311,1.0,0.022924727563557883,long,ATI,M1
MKT,1.0714573190753702,0.24544603346929245,0.5903919333273444,1.552522704823396,1.2692061010372054e-05,0.01081732283464567,0.011590299723982234,long,ATI,M1
SMB,1.4908970315015775,0.3287882796790364,0.8464838447917836,2.1353102182113712,5.7734630147861225e-06,-0.0014102362204724413,-0.002102516994818367,long,ATI,M1
HML,0.7706458391354776,0.31842519678216735,0.14654392167235009,1.394747756598605,0.015512886892303037,0.0005496062992125979,0.0004235518076508368,long,ATI,M1
MOM,-0.4381993903822162,0.2630102129563012,-0.9536899353427766,0.07729115457834412,0.09569495642589758,0.0011511811023622047,-0.0005044468572746458,long,ATI,M1
const,0.0063805008082551745,0.006457967553103334,-0.00627688300915562,0.01903788462566597,0.32315045912719553,1.0,0.0063805008082551745,long,MTRN,M2
MKT,0.37293078431467785,0.5179591457796249,-0.6422504868765184,1.3881120555058741,0.4715247585854846,0.01081732283464567,0.004034112688909484,long,MTRN,M2
SMB,1.5146537860219165,0.2790350531502162,0.967755131423273,2.06155244062056,5.6930132472137544e-08,-0.0014102362204724413,-0.0021360196305238214,long,MTRN,M2
HML,0.556943086344047,0.18553056454316863,0.19330986180805254,0.9205763108800414,0.0026830559388311462,0.0005496062992125979,0.00030609942855759403,long,MTRN,M2
MOM,0.6105241464340386,0.2131531677378977,0.19275161447713418,1.028296678390943,0.004179968150218273,0.0011511811023622047,0.0007028238599106806,long,MTRN,M2
SEMIS,0.3243988129730214,0.20885841764085467,-0.08495616347107882,0.7337537894171217,0.12037545431728607,0.025186599892987525,0.008170503108111581,long,MTRN,M2
DEFENSE,0.29624957511896066,0.21080507153756425,-0.11692077285305491,0.7094199230909762,0.15992474504493792,0.011980282550897711,0.003549153615508545,long,MTRN,M2
const,0.0006029680052642445,0.005174271381238432,-0.009538417548199401,0.01074435355872789,0.9072309552104709,1.0,0.0006029680052642445,long,ENTG,M2
MKT,-0.39290161486579334,0.40864996355382377,-1.1938408257148936,0.4080375959833069,0.3363196728527681,0.01081732283464567,-0.0042501436102569045,long,ENTG,M2
SMB,0.6859374344188096,0.3032862473312194,0.09150731264331247,1.2803675561943066,0.023716978533216946,-0.0014102362204724413,-0.0009673338149953452,long,ENTG,M2
HML,0.02377309015717685,0.2007905688442521,-0.3697691932128675,0.41731537352722126,0.9057527508224881,0.0005496062992125979,1.3065840102133405e-05,long,ENTG,M2
MOM,-0.04174540266012633,0.20419738539703286,-0.4419649237755559,0.35847411845530325,0.8380123947107927,0.0011511811023622047,-4.805651865283834e-05,long,ENTG,M2
SEMIS,1.0243787748454654,0.18516885997500251,0.66145447823612,1.3873030714548107,3.163597358406982e-08,0.025186599892987525,0.02580061834090149,long,ENTG,M2
DEFENSE,0.10563490330599294,0.2634135163895403,-0.41064610185855727,0.6219159084705431,0.6884031212444758,0.011980282550897711,0.0012655359888425542,long,ENTG,M2
const,0.015484627643652746,0.009308421970829091,-0.002759544172073622,0.033728799459379115,0.0962109363254023,1.0,0.015484627643652746,long,CRS,M2
MKT,0.0827272074404255,0.43944073479544987,-0.7785608060984736,0.9440152209793246,0.8506762386727578,0.01081732283464567,0.0008948869100917838,long,CRS,M2
SMB,1.3096376138668204,0.32848916327087596,0.665810684544206,1.9534645431894349,6.695581724027945e-05,-0.0014102362204724413,-0.0018468983987680913,long,CRS,M2
HML,0.5266117182754607,0.2578042662349192,0.021324641394243615,1.0318987951566778,0.04108408761113358,0.0005496062992125979,0.00028942911760336315,long,CRS,M2
MOM,-0.11107281226441054,0.27897623645557845,-0.6578561882598744,0.4357105637310532,0.6905237845085475,0.0011511811023622047,-0.00012786492246501434,long,CRS,M2
SEMIS,0.1861328735638426,0.19385547601072636,-0.19381687762304953,0.5660826247507347,0.3369731381807698,0.025186599892987525,0.004688054213384538,long,CRS,M2
DEFENSE,1.0870089510885133,0.19967235640686054,0.6956583238228211,1.4783595783542054,5.21080031390406e-08,0.011980282550897711,0.013022674369395339,long,CRS,M2
const,0.017655207682078476,0.008471128190248506,0.0010521015207694377,0.03425831384338751,0.037145388795020176,1.0,0.017655207682078476,long,ATI,M2
MKT,-0.8471880032494499,0.4615399952226654,-1.7517897713106627,0.05741376481176297,0.06642158718310331,0.01081732283464567,-0.009164306132788144,long,ATI,M2
SMB,1.2131491875319662,0.32972966221723243,0.5668909249516332,1.8594074501122992,0.00023394499651149554,-0.0014102362204724413,-0.001710826925094293,long,ATI,M2
HML,0.20968893085038615,0.28198509330261445,-0.34299169619990494,0.7623695579006773,0.4571081689566111,0.0005496062992125979,0.00011524635727052707,long,ATI,M2
MOM,-0.5127094945775783,0.226236001560665,-0.9561239096428291,-0.06929507951232744,0.023435497709385408,0.0011511811023622047,-0.0005902214811593854,long,ATI,M2
SEMIS,0.29523261721338134,0.1366623900582626,0.02737925465802188,0.5630859797687409,0.030748968422243523,0.025186599892987525,0.007435905805112978,long,ATI,M2
DEFENSE,1.5517672357639534,0.22463313429141513,1.1114943828184303,1.9920400887094765,4.915101728816495e-12,0.011980282550897711,0.018590609937677666,long,ATI,M2
const,0.006401370862405409,0.006262301531807279,-0.00587251460026687,0.018675256325077688,0.30668275702182524,1.0,0.006401370862405409,long,MTRN,M2_nominal
MKT,0.37300555414470804,0.5202230354625872,-0.6466128592900663,1.3926239675794823,0.47336740984703574,0.01081732283464567,0.004034921498299212,long,MTRN,M2_nominal
SMB,1.515028549021936,0.27901909380229806,0.9681611741704288,2.0618959238734433,5.640514956808005e-08,-0.0014102362204724413,-0.002136548134880542,long,MTRN,M2_nominal
HML,0.5582979013124977,0.20780633523567243,0.1510049684913229,0.9655908341336725,0.007217772164225005,0.0005496062992125979,0.00030684404339852205,long,MTRN,M2_nominal
MOM,0.6107457633099491,0.21580181272574042,0.18778198256904038,1.033709544050858,0.004653005169349144,0.0011511811023622047,0.0007030789810701934,long,MTRN,M2_nominal
SEMIS,0.324042428504656,0.20900293949770418,-0.08559580557384816,0.7336806625831601,0.12104063676051037,0.025186599892987525,0.008161526995098785,long,MTRN,M2_nominal
DEFENSE,0.29622609674338873,0.21161235838872208,-0.11852650438208895,0.7109786978688664,0.1615574815592309,0.011980282550897711,0.0035488723379353574,long,MTRN,M2_nominal
D_NOMINAL,-0.0006612978977896845,0.029367622290666362,-0.05822077989907144,0.05689818410349207,0.9820348140420094,0.019496061670498586,-1.289270459787876e-05,long,MTRN,M2_nominal
const,0.0016157831325799847,0.0050979061578190965,-0.00837592933331041,0.011607495598470378,0.7512812775130874,1.0,0.0016157831325799847,long,ENTG,M2_nominal
MKT,-0.3892730658272286,0.4097785523387362,-1.1924242700481131,0.4138781383936559,0.34213278574568184,0.01081732283464567,-0.004210892423885407,long,ENTG,M2_nominal
SMB,0.7041245283688967,0.3165244546878506,0.08374799695452928,1.3245010597832643,0.02611145120364703,-0.0014102362204724413,-0.0009929819136288932,long,ENTG,M2_nominal
HML,0.08952170225335518,0.24753842104405405,-0.3956446877829025,0.5746880922896129,0.7176153095943374,0.0005496062992125979,4.920169147467862e-05,long,ENTG,M2_nominal
MOM,-0.030990427001106657,0.2033129389653623,-0.42947646496420694,0.3674956109619936,0.878849985872471,0.0011511811023622047,-3.5675593917809396e-05,long,ENTG,M2_nominal
SEMIS,1.0070835834626521,0.1958030879204093,0.6233165830769203,1.390850583848384,2.6988383003775237e-07,0.025186599892987525,0.025365011275469928,long,ENTG,M2_nominal
DEFENSE,0.10449550741495625,0.2585057257270318,-0.4021664048074153,0.6111574196373278,0.6860443404539164,0.011980282550897711,0.0012518857041306027,long,ENTG,M2_nominal
D_NOMINAL,-0.03209251445715047,0.03691141158248547,-0.10443755177735659,0.04025252286305564,0.3846027090753935,0.019496061670498586,-0.000625677641017973,long,ENTG,M2_nominal
const,0.016017432652248226,0.00946530282074996,-0.002534219979187076,0.03456908528368353,0.0906028683965876,1.0,0.016017432652248226,long,CRS,M2_nominal
MKT,0.0846360544249738,0.43851953499304563,-0.7748464406786476,0.9441185495285952,0.8469557816986151,0.01081732283464567,0.0009155355241655827,long,CRS,M2_nominal
SMB,1.3192051790493105,0.3400436217831781,0.6527319271817216,1.9856784309168993,0.00010466387444456192,-0.0014102362204724413,-0.0018603909257301698,long,CRS,M2_nominal
HML,0.5611996592414445,0.28094669908982345,0.010554247449978571,1.1118450710329104,0.0457675618498578,0.0005496062992125979,0.0003084388678350613,long,CRS,M2_nominal
MOM,-0.10541501278659612,0.2768752770902222,-0.6480805840929796,0.43725055851978734,0.7034028323221093,0.0011511811023622047,-0.00012135177062519962,long,CRS,M2_nominal
SEMIS,0.17703450571283708,0.1952290107573051,-0.20560732410886368,0.5596763355345378,0.36451029755839226,0.025186599892987525,0.004458897262642042,long,CRS,M2_nominal
DEFENSE,1.0864095565680874,0.19913215175618867,0.6961177109619932,1.4767014021741816,4.877439566234622e-08,0.011980282550897711,0.013015493453681177,long,CRS,M2_nominal
D_NOMINAL,-0.016882698510352998,0.046684104432482866,-0.10838186184852612,0.07461646482782013,0.7176233268732604,0.019496061670498586,-0.00032914613132227667,long,CRS,M2_nominal
const,0.015970554617902123,0.008313099352626597,-0.00032282071314924596,0.032263929948953496,0.05471516783146855,1.0,0.015970554617902123,long,ATI,M2_nominal
MKT,-0.8532235037978364,0.47646092611946866,-1.7870697590325944,0.08062275143692166,0.07333305137743254,0.01081732283464567,-0.009229594090688721,long,ATI,M2_nominal
SMB,1.1828979178529007,0.32552724451674947,0.5448762426135079,1.8209195930922935,0.0002792873021701434,-0.0014102362204724413,-0.001668165488877595,long,ATI,M2_nominal
HML,0.10032681939902018,0.2959415073249121,-0.4797078764883041,0.6803615152863445,0.734602988533024,0.0005496062992125979,5.514025192166615e-05,long,ATI,M2_nominal
MOM,-0.5305986455296594,0.2253037193424409,-0.9721858210237639,-0.08901147003555493,0.018520850336365483,0.0011511811023622047,-0.000610815133672726,long,ATI,M2_nominal
SEMIS,0.32400035218568707,0.1413587453933202,0.04694230231501223,0.6010584020563619,0.021903150047972674,0.025186599892987525,0.008160467235687946,long,ATI,M2_nominal
DEFENSE,1.5536624353195045,0.22414057583648442,1.1143549792059264,1.9929698914330827,4.159808978408896e-12,0.011980282550897711,0.018613314963843504,long,ATI,M2_nominal
D_NOMINAL,0.05338067270048763,0.040388784069620785,-0.025779889455334187,0.13254123485630945,0.18627782788870273,0.019496061670498586,0.0010407128869814072,long,ATI,M2_nominal
const,0.010182145042576371,0.006899911433359506,-0.0033414328633244016,0.023705722948477143,0.1400265579817508,1.0,0.010182145042576371,long,MTRN,M1_nominal
MKT,1.1273896540599597,0.22086546704968646,0.6945012932139563,1.5602780149059632,3.3181420413339563e-07,0.01081732283464567,0.012195337848406084,long,MTRN,M1_nominal
SMB,1.6470553511040777,0.3153836979455432,1.028914661819754,2.2651960403884015,1.7663247203007825e-07,-0.0014102362204724413,-0.0023227371132499243,long,MTRN,M1_nominal
HML,0.639468727289979,0.20509568715634555,0.23748856707904764,1.0414488875009105,0.001821419290731844,0.0005496062992125979,0.0003514560406680354,long,MTRN,M1_nominal
MOM,0.7056314490034177,0.3152690669090827,0.08771543242206703,1.3235474655847683,0.02520879648817077,0.0011511811023622047,0.0008123095893251942,long,MTRN,M1_nominal
D_NOMINAL,-0.010840011309385798,0.029544524449939363,-0.06874621517163,0.047066192552858405,0.7136904481321138,0.019496061670498586,-0.00021133752899668765,long,MTRN,M1_nominal
const,0.012085400555669529,0.007663958912383581,-0.0029356828915970534,0.02710648400293611,0.11481542128802216,1.0,0.012085400555669529,long,ENTG,M1_nominal
MKT,1.1745185576590975,0.16332493267019252,0.854407571848091,1.494629543470104,6.417738027677229e-13,0.01081732283464567,0.012705146413480852,long,ENTG,M1_nominal
SMB,1.0123504997822934,0.4409483133172885,0.14810768663672447,1.8765933129278625,0.021684548337972474,-0.0014102362204724413,-0.0014276533426063685,long,ENTG,M1_nominal
HML,0.02216996301222987,0.3634590630391816,-0.6901967103992391,0.7345366364236988,0.951361487511089,0.0005496062992125979,1.2184751324831838e-05,long,ENTG,M1_nominal
MOM,0.27071160260859156,0.41220450409746884,-0.5371943796876404,1.0786175849048236,0.5113474599101866,0.0011511811023622047,0.0003116380811131975,long,ENTG,M1_nominal
D_NOMINAL,-0.06514455325604358,0.04299166884424603,-0.14940667582603853,0.019117569313951366,0.12970070261472813,0.019496061670498586,-0.0012700622277769052,long,ENTG,M1_nominal
const,0.01953368377981083,0.010101371875899035,-0.00026464129139708303,0.03933200885101874,0.05314197439138506,1.0,0.01953368377981083,long,CRS,M1_nominal
MKT,1.381250605354019,0.1830800023365678,1.0224203944848371,1.7400808162232009,4.5395891341052415e-14,0.01081732283464567,0.014941433713664184,long,CRS,M1_nominal
SMB,1.5069972425473839,0.3796871823570596,0.7628240397360552,2.2511704453587127,7.215987529767269e-05,-0.0014102362204724413,-0.0021252220955924137,long,CRS,M1_nominal
HML,0.9676317560918906,0.3205073771886698,0.33944884002270326,1.5958146721610778,0.0025355834079404003,0.0005496062992125979,0.0005318165084662512,long,CRS,M1_nominal
MOM,-0.06128978294425985,0.30702802248678507,-0.6630536492629124,0.5404740833743926,0.8417756218108132,0.0011511811023622047,-7.055563989331331e-05,long,CRS,M1_nominal
D_NOMINAL,-0.0208374050322082,0.050516984401709764,-0.11984887506713103,0.07817406500271463,0.6799853260039357,0.019496061670498586,-0.0004062473335610887,long,CRS,M1_nominal
const,0.02172387376988568,0.01009095853295383,0.0019459584758090356,0.041501789063962326,0.03133394637426606,1.0,0.02172387376988568,long,ATI,M1_nominal
MKT,1.1039975594812574,0.2531312337040978,0.6078694580590343,1.6001256609034806,1.292538720157123e-05,0.01081732283464567,0.011942298009569696,long,ATI,M1_nominal
SMB,1.4722146011884616,0.32806576054120856,0.8292175259669512,2.115211676409972,7.204371487007481e-06,-0.0014102362204724413,-0.0020761703549043585,long,ATI,M1_nominal
HML,0.6739462672790236,0.3445351911218007,-0.0013302987263299482,1.3492228332843772,0.05045304018336009,0.0005496062992125979,0.0003704051138273685,long,ATI,M1_nominal
MOM,-0.44621650381232003,0.265438959788971,-0.9664673050924788,0.07403429746783874,0.09275295396622746,0.0011511811023622047,-0.0005136760067508755,long,ATI,M1_nominal
D_NOMINAL,0.045387869941400205,0.04954588540918876,-0.05172028104275832,0.14249602092555874,0.35962625750675614,0.019496061670498586,0.0008848847114701074,long,ATI,M1_nominal
const,0.01046341522655487,0.006950312912843989,-0.003158947763903023,0.024085778217012764,0.13220595868366966,1.0,0.01046341522655487,long,MTRN,FF5_MOM
MKT5,1.1433521069655435,0.23708733534483398,0.6786694684990986,1.6080347454319883,1.4177473112021683e-06,0.010822047244094486,0.012373410518216083,long,MTRN,FF5_MOM
SMB5,1.492433510430805,0.27230522669328516,0.9587250733099512,2.026141947551659,4.235561380805716e-08,-0.0012157480314960638,-0.0018144231024450114,long,MTRN,FF5_MOM
HML5,0.24860430078178253,0.2685757555386008,-0.27779450719450904,0.7750031087580741,0.3546334113541726,0.0005496062992125979,0.00013663448972101104,long,MTRN,FF5_MOM
RMW,-0.3772266972806152,0.6065935138012551,-1.5661281375866754,0.8116747430254451,0.5340225951473445,0.002419685039370079,-0.0009127697958608902,long,MTRN,FF5_MOM
CMA,0.2296814150747817,0.42413123279125203,-0.6016005259146459,1.0609633560642093,0.5881396796428249,6.220472440944792e-05,1.4287269126698812e-05,long,MTRN,FF5_MOM
MOM,0.648568041887339,0.23488457373652935,0.1882027368396988,1.1089333469349791,0.0057585826655057425,0.0011511811023622047,0.0007466192734167634,long,MTRN,FF5_MOM
const,0.012368415556330553,0.008134891970385824,-0.0035756797237497372,0.028312510836410842,0.12840659013559666,1.0,0.012368415556330553,long,ENTG,FF5_MOM
MKT5,1.1602825989077656,0.17361180606641533,0.8200097117266392,1.500555486088892,2.3377854566211546e-11,0.010822047244094486,0.012556633101880573,long,ENTG,FF5_MOM
SMB5,0.5183589452341371,0.4667025630124804,-0.3963612697628597,1.433079160231134,0.26670450625401054,-0.0012157480314960638,-0.0006301938672767781,long,ENTG,FF5_MOM
HML5,0.13024458606000586,0.22427406833195468,-0.30932451053690035,0.5698136826569121,0.5614167096232818,0.0005496062992125979,7.158324493691653e-05,long,ENTG,FF5_MOM
RMW,-0.8519035098838558,0.49783414358998745,-1.8276405015945731,0.12383348182686149,0.08704059445994759,0.002419685039370079,-0.002061338177852826,long,ENTG,FF5_MOM
CMA,-0.6593161282297999,0.47611088516318956,-1.5924763157971369,0.2738440593375372,0.16611506067610282,6.220472440944792e-05,-4.101257805523893e-05,long,ENTG,FF5_MOM
MOM,0.1325307989588387,0.3618634731328552,-0.5767085757021351,0.8417701736198124,0.7141820368151628,0.0011511811023622047,0.00015256695124237968,long,ENTG,FF5_MOM
const,0.02068503401654357,0.009934804191257387,0.0012131756082215117,0.04015689242486563,0.03733537532767922,1.0,0.02068503401654357,long,CRS,FF5_MOM
MKT5,1.3958836908316956,0.19543664464784438,1.0128349060625679,1.7789324756008233,9.172548362096583e-13,0.010822047244094486,0.01510631924944159,long,CRS,FF5_MOM
SMB5,1.2608068668151504,0.3894023252618261,0.4975923338058196,2.0240213998244814,0.0012045520094428283,-0.0012157480314960638,-0.001532823466427239,long,CRS,FF5_MOM
HML5,0.6186863902407416,0.4280125247942712,-0.22020274328808687,1.45757552376957,0.1483212404260348,0.0005496062992125979,0.0003400339373134151,long,CRS,FF5_MOM
RMW,-0.8191478961824349,0.5010115508638971,-1.8011124917142307,0.16281669934936094,0.10205155374474609,0.002419685039370079,-0.0019820799094241123,long,CRS,FF5_MOM
CMA,0.2585127126269424,0.6333626032358598,-0.9828551788698747,1.4998806041237596,0.6831568703439566,6.220472440944792e-05,1.608071204529776e-05,long,CRS,FF5_MOM
MOM,-0.19775829027265265,0.2754048916636031,-0.7375419590994702,0.3420253785541648,0.4727179331908511,0.0011511811023622047,-0.00022765560659733714,long,CRS,FF5_MOM
const,0.0237621828105772,0.010157047372969123,0.003854735770290548,0.04366962985086385,0.019310739723039105,1.0,0.0237621828105772,long,ATI,FF5_MOM
MKT5,1.1792791964668272,0.25048202559269805,0.6883434475304989,1.6702149454031554,2.5011100560619034e-06,0.010822047244094486,0.012762215178141786,long,ATI,FF5_MOM
SMB5,1.29880057275487,0.4295683875992058,0.4568620041634842,2.1407391413462555,0.0024986796604474157,-0.0012157480314960638,-0.0015790142396326934,long,ATI,FF5_MOM
HML5,0.0005895873907005265,0.5668863903871081,-1.1104873210939445,1.1116664958753455,0.9991701642525693,0.0005496062992125979,3.240409438653284e-07,long,ATI,FF5_MOM
RMW,-0.8125216881100474,0.47308826612333527,-1.7397576512202853,0.11471427500019027,0.08589071346838065,0.002419685039370079,-0.001966046572883603,long,ATI,FF5_MOM
CMA,1.3189970174110486,0.7772648784255439,-0.20441415075092118,2.842408185573018,0.08970188568137684,6.220472440944792e-05,8.204784596493806e-05,long,ATI,FF5_MOM
MOM,-0.6342128258664349,0.2408350701860685,-1.1062408896453053,-0.1621847620875645,0.008453704843639121,0.0011511811023622047,-0.0007300938200131715,long,ATI,FF5_MOM
const,0.012762238940781743,0.01175886912346241,-0.010284721040124657,0.03580919892168814,0.277776068738244,1.0,0.012762238940781743,recent,MTRN,M0
MKT,1.0570568417406419,0.27707658932672036,0.5139967057010748,1.600116977780209,0.0001361637210155462,0.00893283582089552,0.009442515220623492,recent,MTRN,M0
const,-0.0033337919406032164,0.011873929490704514,-0.026606266097352088,0.019938682216145656,0.7788901251648269,1.0,-0.0033337919406032164,recent,ENTG,M0
MKT,1.3747013934683807,0.17655513131711048,1.0286596948011044,1.720743092135657,6.9030388307918685e-15,0.00893283582089552,0.012279981850609339,recent,ENTG,M0
const,0.0410010705288768,0.014372263629790757,0.012831951438172003,0.06917018961958159,0.004333705472388805,1.0,0.0410010705288768,recent,CRS,M0
MKT,1.2219336121660198,0.3032451618345387,0.6275840164843038,1.8162832078477358,5.5889945297559684e-05,0.00893283582089552,0.010915332341512875,recent,CRS,M0
const,0.03313911075636513,0.016255084898631332,0.001279729789406804,0.06499849172332345,0.04148078151721552,1.0,0.03313911075636513,recent,ATI,M0
MKT,1.0238670746091225,0.3293327158657481,0.3783868125814934,1.6693473366367515,0.001877763983449236,0.00893283582089552,0.009146036479903875,recent,ATI,M0
const,0.013322172264959548,0.012817513616102354,-0.01179969279395282,0.038444037323871916,0.2986314888514533,1.0,0.013322172264959548,recent,MTRN,M1
MKT,1.023125822456178,0.2279282811646727,0.5763946003153002,1.4698570445970556,7.162350588267014e-06,0.00893283582089552,0.009139414996119736,recent,MTRN,M1
SMB,1.6448762850043819,0.3837644772959099,0.8927117309585592,2.3970408390502045,1.8178737079453002e-05,-0.0039358208955223885,-0.006473938453069486,recent,MTRN,M1
HML,0.3649489209370658,0.2608569714339878,-0.1463213481897439,0.8762191900638756,0.1618014670591783,0.007800000000000001,0.002846601583309114,recent,MTRN,M1
MOM,0.9935052907870483,0.3630211178485326,0.28199697417645386,1.7050136073976427,0.006204566312294556,0.003392537313432836,0.003370503770088001,recent,MTRN,M1
const,0.0027542261072859846,0.01528039760893157,-0.027194802875671848,0.03270325509024382,0.8569596750973978,1.0,0.0027542261072859846,recent,ENTG,M1
MKT,1.2272699638462763,0.2670060253446185,0.7039477705156352,1.7505921571769174,4.2982633974227864e-06,0.00893283582089552,0.010963001094955167,recent,ENTG,M1
SMB,1.2419560154094333,0.6446709550830824,-0.021575838432446925,2.5054878692513136,0.05404247099710732,-0.0039358208955223885,-0.004888116436768173,recent,ENTG,M1
HML,-0.17181638430183388,0.4520114090377994,-1.0577424666171233,0.7141096980134557,0.7038599406879547,0.007800000000000001,-0.0013401677975543045,recent,ENTG,M1
MOM,0.4295448531459981,0.581518348500253,-0.7102101662637094,1.5692998725557055,0.4601129481098266,0.003392537313432836,0.0014572469420908265,recent,ENTG,M1
const,0.03992614508888462,0.016113117495658108,0.008345015118732493,0.07150727505903674,0.013217079424432806,1.0,0.03992614508888462,recent,CRS,M1
MKT,1.192107162273141,0.26405083303809795,0.6745770394306699,1.7096372851156119,6.34100097822664e-06,0.00893283582089552,0.010648897561499622,recent,CRS,M1
SMB,1.4265066512674351,0.5398263713734159,0.36846640547059595,2.4845468970642743,0.008228950353250029,-0.0039358208955223885,-0.00561447468566004,recent,CRS,M1
HML,0.9058614132601364,0.3479653180032339,0.22386192210477107,1.5878609044155017,0.009232856604817102,0.007800000000000001,0.007065719023429065,recent,CRS,M1
MOM,-0.032389951121773064,0.44306934163862227,-0.9007899033873457,0.8360100011437994,0.9417236999320406,0.003392537313432836,-0.00010988411776088086,recent,CRS,M1
const,0.031118926538684484,0.01567614997825283,0.0003942371650605854,0.061843615912308386,0.04713191901714524,1.0,0.031118926538684484,recent,ATI,M1
MKT,1.025656834027759,0.28732182904600306,0.4625163971254186,1.5887972709300993,0.00035737080481417036,0.00893283582089552,0.009162024106949456,recent,ATI,M1
SMB,0.9550757291266808,0.366059057020193,0.2376131611524085,1.672538297100953,0.0090787200595742,-0.0039358208955223885,-0.003759007011503071,recent,ATI,M1
HML,0.7943565160660938,0.32295738287225645,0.1613716770951582,1.4273413550370293,0.013907929949467582,0.007800000000000001,0.006195980825315533,recent,ATI,M1
MOM,-0.12756741730191884,0.28670618524819624,-0.6895012145332524,0.4343663799294147,0.6563621891690882,0.003392537313432836,-0.0004327772231750172,recent,ATI,M1
const,0.01840075234715551,0.013372901823528655,-0.007809653595750667,0.04461115829006168,0.16882998085671153,1.0,0.01840075234715551,recent,MTRN,M1_nominal
MKT,0.8322446054950585,0.24390413382735357,0.35420128751300806,1.310287923477109,0.0006444573863006751,0.00893283582089552,0.00743430442371332,recent,MTRN,M1_nominal
SMB,1.655588513540763,0.3742114012729233,0.9221476444415673,2.3890293826399587,9.67974001910962e-06,-0.0039358208955223885,-0.006516099865980586,recent,MTRN,M1_nominal
HML,0.395556430520096,0.2507638000401343,-0.09593158618497105,0.8870444472251631,0.11470203693066136,0.007800000000000001,0.0030853401580567493,recent,MTRN,M1_nominal
MOM,1.0570963538250482,0.3602412745226697,0.3510364300158091,1.7631562776342873,0.003341801947726686,0.003392537313432836,0.0035862388242452756,recent,MTRN,M1_nominal
D_NOMINAL,-0.06626107181980473,0.039425447624432855,-0.14353352923806334,0.011011385598453896,0.09282750031158694,0.057134326714188305,-0.003785781725785019,recent,MTRN,M1_nominal
const,0.008700017046622462,0.015420258720457228,-0.0215231346777634,0.03892316877100833,0.5726221284700327,1.0,0.008700017046622462,recent,ENTG,M1_nominal
MKT,1.0037941513300974,0.31325493428884976,0.3898257621444906,1.6177625405157041,0.0013534423761479434,0.00893283582089552,0.008966728351806912,recent,ENTG,M1_nominal
SMB,1.2544974483180171,0.6588832089160932,-0.036889911175705725,2.54588480781174,0.056913382737394595,-0.0039358208955223885,-0.0049374772704695695,recent,ENTG,M1_nominal
HML,-0.13598238144885744,0.46162964957196734,-1.0407598688057593,0.7687951059080446,0.768322157927604,0.007800000000000001,-0.0010606625753010882,recent,ENTG,M1_nominal
MOM,0.5039946324769782,0.5930154173496701,-0.6582942278053643,1.6662834927593206,0.3953892842062977,0.003392537313432836,0.001709820596448017,recent,ENTG,M1_nominal
D_NOMINAL,-0.07757571488104974,0.0643362945054824,-0.20367253501055738,0.048521105248457916,0.22790054445769214,0.057134326714188305,-0.004432236239100615,recent,ENTG,M1_nominal
const,0.042031986234730645,0.018092348830958352,0.006571634130316924,0.07749233833914437,0.020168881401766873,1.0,0.042031986234730645,recent,CRS,M1_nominal
MKT,1.1129579681794137,0.29863583418064665,0.5276424886922706,1.6982734476665569,0.00019392121845234785,0.00893283582089552,0.009941870805304164,recent,CRS,M1_nominal
SMB,1.4309484935246293,0.5430709743094188,0.36654894282909156,2.495348044220167,0.008415715113734687,-0.0039358208955223885,-0.005631956981230519,recent,CRS,M1_nominal
HML,0.9185528648093277,0.36504055206872266,0.203086529858013,1.6340191997606426,0.011859296760672346,0.007800000000000001,0.0071647123455127575,recent,CRS,M1_nominal
MOM,-0.006021817728918133,0.4571672914776358,-0.9020532439348095,0.8900096084769733,0.9894905507262595,0.003392537313432836,-2.0429241340046143e-05,recent,CRS,M1_nominal
D_NOMINAL,-0.027475256695332753,0.06554443165208237,-0.15593998212056137,0.10098946872989585,0.6750807763444973,0.057134326714188305,-0.001569780292587331,recent,CRS,M1_nominal
const,0.02871263536074535,0.016397625079816916,-0.0034261192276865346,0.060851389949177236,0.07994177285192336,1.0,0.02871263536074535,recent,ATI,M1_nominal
MKT,1.1160986073134596,0.39482559176816295,0.34225466727314613,1.889942547353773,0.004701359053812568,0.00893283582089552,0.009969925619061274,recent,ATI,M1_nominal
SMB,0.950000148825508,0.3681736943586768,0.22839296782744378,1.6716073298235723,0.009871330230951334,-0.0039358208955223885,-0.003739030436496813,recent,ATI,M1_nominal
HML,0.7798543168103533,0.3393511361253995,0.11473831189182104,1.4449703217288856,0.02155752846053425,0.007800000000000001,0.006082863671120757,recent,ATI,M1_nominal
MOM,-0.1576976134408637,0.28272964051099114,-0.711837526204363,0.3964422993226356,0.5770026540914415,0.003392537313432836,-0.0005349950378374375,recent,ATI,M1_nominal
D_NOMINAL,0.03139527780994092,0.07655821731485138,-0.11865607084775856,0.1814466264676404,0.6817445417971555,0.057134326714188305,0.0017937480596758708,recent,ATI,M1_nominal
