ticker,period_end,vintage,revenue,operating_income,net_income,eps,cfo,equipment_capex
MTRN,2020-03-27,cutoff recast; directly disclosed quarters only,277.946,-5.568,-3.878,-0.19,9.13,14.789
MTRN,2020-06-26,cutoff recast; directly disclosed quarters only,271.468,7.571,5.803,0.28,,
MTRN,2020-09-25,cutoff recast; directly disclosed quarters only,287.171,-0.616,5.471,0.27,,
MTRN,2020-12-31,cutoff recast; directly disclosed quarters only,339.689,6.828,8.066,0.39,,
MTRN,2021-04-02,cutoff recast; directly disclosed quarters only,354.386,19.718,16.767,0.81,15.45,31.25
MTRN,2021-07-02,cutoff recast; directly disclosed quarters only,370.999,20.723,17.868,0.87,,
MTRN,2021-10-01,cutoff recast; directly disclosed quarters only,388.028,21.16,18.156,0.88,,
MTRN,2022-04-01,cutoff recast; directly disclosed quarters only,449.045,19.606,14.019,0.68,-14.304,18.977
MTRN,2022-07-01,cutoff recast; directly disclosed quarters only,445.295,31.86,23.255,1.12,,
MTRN,2022-09-30,cutoff recast; directly disclosed quarters only,428.191,29.097,19.952,0.96,,
MTRN,2023-03-31,cutoff recast; directly disclosed quarters only,442.526,36.94,25.588,1.23,38.105,30.014
MTRN,2023-06-30,cutoff recast; directly disclosed quarters only,398.551,35.344,24.082,1.15,,
MTRN,2023-09-29,cutoff recast; directly disclosed quarters only,403.067,36.52,26.564,1.27,,
MTRN,2024-03-29,cutoff recast; directly disclosed quarters only,385.287,22.249,13.409,0.64,-13.805,21.314
MTRN,2024-06-28,cutoff recast; directly disclosed quarters only,425.866,32.062,19.036,0.91,,
MTRN,2024-09-27,cutoff recast; directly disclosed quarters only,436.715,31.259,22.294,1.07,,
MTRN,2025-03-28,cutoff recast; directly disclosed quarters only,420.33,27.195,17.698,0.85,15.502,12.321
MTRN,2025-06-27,cutoff recast; directly disclosed quarters only,431.658,36.819,25.14,1.21,,
MTRN,2025-09-26,cutoff recast; directly disclosed quarters only,444.808,34.943,25.412,1.22,,
MTRN,2026-04-03,cutoff recast; directly disclosed quarters only,549.824,28.175,19.373,0.92,-4.307,15.289
MTRN,2026-07-03,cutoff recast; directly disclosed quarters only,613.906,51.711,38.758,1.84,,
ENTG,2020-03-28,cutoff recast; directly disclosed quarters only,412.327,80.744,61.006,0.45,11.403,22.585
ENTG,2020-06-27,cutoff recast; directly disclosed quarters only,448.405,94.712,68.036,0.5,,
ENTG,2020-09-26,cutoff recast; directly disclosed quarters only,480.987,106.761,79.303,0.58,,
ENTG,2020-12-31,cutoff recast; directly disclosed quarters only,517.594,,86.624,0.63,,
ENTG,2021-04-03,cutoff recast; directly disclosed quarters only,512.844,113.978,84.676,0.62,53.115,43.33
ENTG,2021-07-03,cutoff recast; directly disclosed quarters only,571.352,138.889,88.77,0.65,,
ENTG,2021-10-02,cutoff recast; directly disclosed quarters only,579.493,139.357,117.461,0.86,,
ENTG,2021-12-31,cutoff recast; directly disclosed quarters only,635.204,,118.219,0.87,,
ENTG,2022-04-02,cutoff recast; directly disclosed quarters only,649.646,163.346,125.705,0.92,63.788,84.405
ENTG,2022-07-02,cutoff recast; directly disclosed quarters only,692.489,157.97,99.491,0.73,,
ENTG,2022-10-01,cutoff recast; directly disclosed quarters only,993.828,14.889,-73.703,-0.5,,
ENTG,2022-12-31,cutoff recast; directly disclosed quarters only,946.07,,57.427,0.38,,
ENTG,2023-04-01,cutoff recast; directly disclosed quarters only,922.396,13.466,-88.166,-0.59,151.871,133.992
ENTG,2023-07-01,cutoff recast; directly disclosed quarters only,901.0,267.614,197.646,1.31,,
ENTG,2023-09-30,cutoff recast; directly disclosed quarters only,888.239,117.061,33.212,0.22,,
ENTG,2023-12-31,cutoff recast; directly disclosed quarters only,812.291,,37.977,0.25,,
ENTG,2024-03-30,cutoff recast; directly disclosed quarters only,771.0,117.6,45.3,0.3,147.2,66.6
ENTG,2024-06-29,cutoff recast; directly disclosed quarters only,812.7,130.1,67.7,0.45,,
ENTG,2024-09-28,cutoff recast; directly disclosed quarters only,807.7,136.2,77.5,0.51,,
ENTG,2025-03-29,cutoff recast; directly disclosed quarters only,773.2,122.3,62.9,0.41,140.4,108.0
ENTG,2025-06-28,cutoff recast; directly disclosed quarters only,792.4,106.1,52.8,0.35,,
ENTG,2025-09-27,cutoff recast; directly disclosed quarters only,807.1,122.6,70.5,0.46,,
ENTG,2026-03-28,cutoff recast; directly disclosed quarters only,811.9,141.6,92.0,0.6,183.0,41.5
ENTG,2026-06-27,cutoff recast; directly disclosed quarters only,883.2,164.6,93.6,0.61,,
CRS,2020-03-31,cutoff recast; directly disclosed quarters only,585.4,58.7,39.9,0.82,,
CRS,2020-06-30,cutoff recast; directly disclosed quarters only,437.3,-148.2,-118.4,-2.46,,
CRS,2020-09-30,cutoff recast; directly disclosed quarters only,353.3,-48.8,-47.1,-0.98,88.0,33.3
CRS,2020-12-31,cutoff recast; directly disclosed quarters only,348.8,-89.0,-84.9,-1.76,,
CRS,2021-03-31,cutoff recast; directly disclosed quarters only,351.9,-40.0,-40.5,-0.84,,
CRS,2021-09-30,cutoff recast; directly disclosed quarters only,387.6,-19.1,-14.8,-0.31,-47.0,14.4
CRS,2021-12-31,cutoff recast; directly disclosed quarters only,396.0,-31.5,-29.4,-0.61,,
CRS,2022-03-31,cutoff recast; directly disclosed quarters only,489.0,1.1,-7.5,-0.16,,
CRS,2022-09-30,cutoff recast; directly disclosed quarters only,522.9,8.3,-6.9,-0.14,-78.0,13.5
CRS,2022-12-31,cutoff recast; directly disclosed quarters only,579.1,22.6,6.2,0.13,,
CRS,2023-03-31,cutoff recast; directly disclosed quarters only,690.1,39.3,18.6,0.38,,
CRS,2023-06-30,cutoff recast; directly disclosed quarters only,1836.3,,,,,
CRS,2023-09-30,cutoff recast; directly disclosed quarters only,651.9,69.0,43.9,0.88,7.4,22.0
CRS,2023-12-31,cutoff recast; directly disclosed quarters only,624.2,69.8,42.7,0.85,,
CRS,2024-03-31,cutoff recast; directly disclosed quarters only,684.9,75.9,6.3,0.12,,
CRS,2024-09-30,cutoff recast; directly disclosed quarters only,717.6,113.6,84.8,1.67,40.2,26.9
CRS,2024-12-31,cutoff recast; directly disclosed quarters only,676.9,118.9,84.1,1.66,,
CRS,2025-03-31,cutoff recast; directly disclosed quarters only,727.0,137.8,95.4,1.88,,
CRS,2025-06-30,cutoff recast; directly disclosed quarters only,755.6,151.4,111.7,2.21,,
CRS,2025-09-30,cutoff recast; directly disclosed quarters only,733.7,153.3,122.5,2.43,39.2,42.6
CRS,2025-12-31,cutoff recast; directly disclosed quarters only,728.0,155.2,105.3,2.09,,
CRS,2026-03-31,cutoff recast; directly disclosed quarters only,811.5,186.5,139.6,2.77,,
CRS,2026-06-30,cutoff recast; directly disclosed quarters only,851.0,206.9,162.4,3.23,,
ATI,2020-03-31,cutoff recast; directly disclosed quarters only,955.5,68.4,21.1,0.16,-115.4,29.1
ATI,2020-06-30,cutoff recast; directly disclosed quarters only,770.3,-273.4,-422.6,-3.34,,
ATI,2020-09-30,cutoff recast; directly disclosed quarters only,598.0,-9.6,-50.1,-0.4,,
ATI,2020-12-31,cutoff recast; directly disclosed quarters only,658.3,,-1121.0,-8.85,,
ATI,2021-03-31,cutoff recast; directly disclosed quarters only,692.5,31.8,-7.9,-0.06,-68.1,26.4
ATI,2021-06-30,cutoff recast; directly disclosed quarters only,616.2,-11.3,-49.2,-0.39,,
ATI,2021-09-30,cutoff recast; directly disclosed quarters only,725.7,29.9,48.7,0.35,,
ATI,2022-03-31,cutoff recast; directly disclosed quarters only,834.1,77.0,30.9,0.23,-217.2,26.0
ATI,2022-04-03,cutoff recast; directly disclosed quarters only,834.1,77.0,46.9,0.33,,
ATI,2022-06-30,cutoff recast; directly disclosed quarters only,959.5,-11.6,-38.0,-0.31,,
ATI,2022-07-03,cutoff recast; directly disclosed quarters only,959.5,17.2,6.7,0.05,,
ATI,2022-09-30,cutoff recast; directly disclosed quarters only,1032.0,113.2,61.1,0.42,,
ATI,2022-10-02,cutoff recast; directly disclosed quarters only,1032.0,113.2,76.9,0.53,,
ATI,2023-01-01,cutoff recast; directly disclosed quarters only,1010.4,108.7,193.0,1.3,,
ATI,2023-03-31,cutoff recast; directly disclosed quarters only,1038.1,112.6,70.1,0.48,-285.2,60.4
ATI,2023-04-02,cutoff recast; directly disclosed quarters only,1038.1,112.6,84.5,0.58,-285.2,60.4
ATI,2023-06-30,cutoff recast; directly disclosed quarters only,1046.0,120.3,76.0,0.52,,
ATI,2023-07-02,cutoff recast; directly disclosed quarters only,1046.0,120.3,90.4,0.62,,
ATI,2023-09-30,cutoff recast; directly disclosed quarters only,1025.6,125.2,75.7,0.52,,
ATI,2023-10-01,cutoff recast; directly disclosed quarters only,1025.6,125.2,90.2,0.62,,
ATI,2023-12-31,cutoff recast; directly disclosed quarters only,1064.0,108.3,145.7,0.99,,
ATI,2024-03-31,cutoff recast; directly disclosed quarters only,1042.9,115.2,66.1,0.46,-98.8,65.8
ATI,2024-06-30,cutoff recast; directly disclosed quarters only,1095.3,142.6,81.9,0.58,,
ATI,2024-09-29,cutoff recast; directly disclosed quarters only,1051.2,142.2,82.7,0.57,,
ATI,2025-03-30,cutoff recast; directly disclosed quarters only,1144.4,146.9,97.0,0.67,-92.5,53.3
ATI,2025-06-29,cutoff recast; directly disclosed quarters only,1140.4,161.0,100.7,0.7,,
ATI,2025-09-28,cutoff recast; directly disclosed quarters only,1125.5,162.4,110.0,0.78,,
ATI,2026-03-29,cutoff recast; directly disclosed quarters only,1151.5,163.8,118.2,0.85,128.2,55.2
ATI,2026-06-28,cutoff recast; directly disclosed quarters only,1261.1,220.0,151.0,1.09,,
ELMT,2025-06-30,cutoff recast; directly disclosed quarters only,49.13,3.246,1.24,0.06,,
ELMT,2026-07-03,cutoff recast; directly disclosed quarters only,66.401,-7.628,-4.488,-0.16,,
